indel	count	freq
ACGCC[111:18D]TAAGC	6.0	0.008547008547008548
ATATC[169:11D]CGTGA	33.0	0.04700854700854701
ATTCG[222:2D]GAGGA	200.0	0.2849002849002849
CCGAA[114:3D]TGGCC	60.0	0.08547008547008547
GCCGA[113:12D]CAACT	84.0	0.11965811965811966
GGTCA[159:3D]CGTTAGTTAT[168:15D]GACCC	1.0	0.0014245014245014246
GTACG[109:5D]AGATG	2.0	0.002849002849002849
TATCT[170:2D]GGTTC	51.0	0.07264957264957266
AAAAA[117:1I]ATGGCC	208.0	0.2962962962962963
AAAAA[117:2I]AATGGCC	24.0	0.03418803418803419
AACGA[165:20D]CCGAA	16.0	0.022792022792022793
AAGGA[117:3D]CCTGA	3.0	0.004273504273504274
AATTC[221:1D]CGGAG	18.0	0.02564102564102564
AATTC[221:34D]CGCAA	1.0	0.0014245014245014246
AATTC[221:9D]AATGC	7.0	0.009971509971509971
ACAAA[117:1D]GGCCT	3.0	0.004273504273504274
ACGAA[166:1I]CATGTT	2.0	0.002849002849002849
ACGAC[166:13D]CCGTG	2.0	0.002849002849002849
ACGAT[166:1D]TCTCT	10.0	0.014245014245014245
ACGAT[166:2D]CTCTG	50.0	0.07122507122507123
ACGAT[166:5I]GAGCCATGTC	1.0	0.0014245014245014246
ACGAT[166:6D]GGTTC	13.0	0.018518518518518517
ACGCC[111:11D]TGACA	83.0	0.11823361823361823
ACGCC[111:1D]AAAAA	3.0	0.004273504273504274
ACGCC[111:3D]AAATG	4.0	0.005698005698005698
AGCTA[214:15D]CAATG	12.0	0.017094017094017096
AGCTA[214:21D]GGTTC	1.0	0.0014245014245014246
AGCTA[214:2D]AATTC	16.0	0.022792022792022793
AGCTA[214:3D]ATTCG	21.0	0.029914529914529916
AGCTA[214:48D]GTCCA	7.0	0.009971509971509971
AGGAG[211:16D]GACAA	62.0	0.08831908831908832
AGTAC[196:26D]CGGAG	1.0	0.0014245014245014246
ATATC[169:54D]GGAGG	85.0	0.12108262108262108
ATCTC[96:35D]AGCTA	1.0	0.0014245014245014246
ATGCG[119:1I]TGCCTG	2.0	0.002849002849002849
ATGGC[175:35I]CTGACAACTAAGCTACGGCACGCTGCCATGTTGGGTCATATCATA[180:1I]ACGTGA	1.0	0.0014245014245014246
ATGTT[153:23D]CATCC	15.0	0.021367521367521368
ATTAA[218:4D]CGGAG	14.0	0.019943019943019943
ATTCG[222:19D]TAGTC	26.0	0.037037037037037035
ATTCG[222:1D]GGAGG	92.0	0.13105413105413105
ATTCG[222:1I]ACGGAG	21.0	0.029914529914529916
ATTCG[222:1I]GCGGAG	99.0	0.14102564102564102
ATTCG[222:1I]TCGGAG	15.0	0.021367521367521368
ATTCG[222:2I]GGCGGAG	5.0	0.007122507122507123
ATTCG[222:3D]AGGAC	32.0	0.045584045584045586
ATTCG[222:6D]ACAAT	11.0	0.01566951566951567
CAGCA[23:83D]ACGCC	1.0	0.0014245014245014246
CAGGA[210:19D]CAATG	30.0	0.042735042735042736
CATGG[200:22D]CGGAG	3.0	0.004273504273504274
CATGT[152:31D]GACCG	20.0	0.02849002849002849
CATGT[170:1D]TGGTT	2.0	0.002849002849002849
CATGT[170:1I]TCTGGT	1.0	0.0014245014245014246
CCGAA[114:108D]CGGAG	36.0	0.05128205128205128
CCGAA[114:11D]CAACT	27.0	0.038461538461538464
CCGAA[114:14D]CTAAG	10.0	0.014245014245014245
CCGAA[114:20D]TACGG	8.0	0.011396011396011397
CCGAA[114:22D]CGGCA	9.0	0.01282051282051282
CCGAA[114:43D]CATAA	2.0	0.002849002849002849
CCGAA[114:4D]GGCCT	10.0	0.014245014245014245
CCGAA[114:54D]CTCTG	45.0	0.0641025641025641
CCGAA[114:8D]TGACA	12.0	0.017094017094017096
CCTTT[104:135D]CGTAG	1.0	0.0014245014245014246
CCTTT[104:1I]TGTACG	15.0	0.021367521367521368
CGAAA[115:17D]GCTAC	3.0	0.004273504273504274
CGAAA[115:2D]TGGCC	71.0	0.10113960113960115
CGAGA[115:1I]CAATGG	3.0	0.004273504273504274
CGATA[167:1D]CTCTG	42.0	0.05982905982905983
CGATG[171:4I]AACATGGTT	2.0	0.002849002849002849
CGGTC[100:12D]AAAAA	4.0	0.005698005698005698
CTACG[138:103D]TAGTC	1.0	0.0014245014245014246
CTATT[216:27D]GTCAC	2.0	0.002849002849002849
CTATT[216:6D]CGGAG	16.0	0.022792022792022793
CTCGG[98:21D]GCCTG	3.0	0.004273504273504274
CTGAT[105:14D]GCCTG	1.0	0.0014245014245014246
CTGCC[148:33D]GTGAC	5.0	0.007122507122507123
CTTTC[74:40D]AAATG	1.0	0.0014245014245014246
CTTTG[105:19D]ACAAC	3.0	0.004273504273504274
CTTTG[105:9D]AAATG	4.0	0.005698005698005698
GAAAA[116:102D]TTCGC	1.0	0.0014245014245014246
GAAAA[116:1D]TGGCC	94.0	0.1339031339031339
GAAGA[116:1D]TGGCC	3.0	0.004273504273504274
GACCG[168:9D]AACCG	1.0	0.0014245014245014246
GAGCA[204:18D]CGGAG	2.0	0.002849002849002849
GAGTA[204:30D]CGGTT	2.0	0.002849002849002849
GATAA[168:7D]TCAGC	1.0	0.0014245014245014246
GATAT[168:1D]TCTGG	24.0	0.03418803418803419
GATAT[168:1I]GCTCTG	6.0	0.008547008547008548
GATAT[168:1I]TCTCTG	105.0	0.14957264957264957
GATAT[168:25D]GTCAT	8.0	0.011396011396011397
GATAT[168:4D]GGTTC	64.0	0.09116809116809117
GATAT[168:53D]GCGGA	7.0	0.009971509971509971
GATAT[168:5D]GTTCA	20.0	0.02849002849002849
GCATC[94:32D]AACTA	1.0	0.0014245014245014246
GCCAT[150:29D]CCGTG	14.0	0.019943019943019943
GCCGA[113:10D]GACAA	15.0	0.021367521367521368
GCCGA[113:4D]TGGCC	5.0	0.007122507122507123
GCCGA[113:55D]CTCTG	4.0	0.005698005698005698
GCCTT[113:9D]TGTACCTTTG[124:1I]TACAAC	2.0	0.002849002849002849
GCGTC[89:79D]CTCTG	1.0	0.0014245014245014246
GCTAT[215:18D]GCGGT	11.0	0.01566951566951567
GCTAT[215:8D]GGAGG	2.0	0.002849002849002849
GGAGC[212:11D]GGAGG	8.0	0.011396011396011397
GGAGC[212:21D]GCGGT	2.0	0.002849002849002849
GGAGC[212:23D]GGTTC	3.0	0.004273504273504274
GGGTC[158:22D]CGTGA	18.0	0.02564102564102564
GGGTC[158:35D]GTCAT	1.0	0.0014245014245014246
GGTCC[101:121D]CGGAG	1.0	0.0014245014245014246
GGTCC[101:165D]ATCGC	2.0	0.002849002849002849
GGTCC[101:25D]AACTA	8.0	0.011396011396011397
GTAGC[206:17D]GGAGG	11.0	0.01566951566951567
GTCAA[229:8D]TTCGT	1.0	0.0014245014245014246
GTCAT[160:19D]CCGTG	85.0	0.12108262108262108
GTTGG[155:19D]TTCAT	98.0	0.1396011396011396
NC	107.0	0.15242165242165243
TAACG[164:10D]TTCAT	18.0	0.02564102564102564
TAACG[164:18D]TGACC	75.0	0.10683760683760683
TAACG[164:38D]TAGCA	1.0	0.0014245014245014246
TAATT[220:3D]GGAGG	6.0	0.008547008547008548
TAGCA[207:22D]CAATG	4.0	0.005698005698005698
TATCC[170:35I]GTGTTGGGATATCCATGTTGGGTCATAACGATATCCTGGT	2.0	0.002849002849002849
TATTA[217:45D]GTCCA	7.0	0.009971509971509971
TATTA[217:50D]TCGCT	2.0	0.002849002849002849
TCATA[161:14D]TCATC	2.0	0.002849002849002849
TCATA[161:17D]TCCGT	7.0	0.009971509971509971
TCCTT[103:1D]GTACG	13.0	0.018518518518518517
TCCTT[103:1D]GTACGCCGAA[114:3D]TGGCC	1.0	0.0014245014245014246
TCGCA[92:15D]CGCCG	2.0	0.002849002849002849
TCGCG[224:1D]AGGAC	5.0	0.007122507122507123
TTAAT[219:14D]GCGGT	26.0	0.037037037037037035
TTATT[219:3D]CGGAG	1.0	0.0014245014245014246
TTCGA[223:2D]AGGAA	1.0	0.0014245014245014246
TTCGC[223:1I]CGGAGG	20.0	0.02849002849002849
TTCGC[223:7D]AATGC	16.0	0.022792022792022793
TTGGG[156:71D]GACAA	2.0	0.002849002849002849
TTGGG[156:90D]ACTGT	1.0	0.0014245014245014246
TTGTA[107:10D]TGGCC	12.0	0.017094017094017096
TTTGT[106:22D]CTAAG	2.0	0.002849002849002849
AATTC[221:25D]ACTGT	2.0	0.002849002849002849
AGCAG[208:23D]ATGCG	1.0	0.0014245014245014246
CAATG[234:6D]GTAGT	1.0	0.0014245014245014246
CATGT[195:43D]TCGTA	2.0	0.002849002849002849
CCGAA[114:53D]TCTCT	16.0	0.022792022792022793
CCGCT[170:1D]TGTTACACCC[181:1I]TGTGAG	1.0	0.0014245014245014246
CGATA[167:1I]ATCTCT	5.0	0.007122507122507123
GAGTT[204:25D]CGATG	1.0	0.0014245014245014246
GCCGA[113:57D]CTGGT	2.0	0.002849002849002849
GGCGT[88:57D]GCCAT	1.0	0.0014245014245014246
GTAGC[206:34D]GTAGT	1.0	0.0014245014245014246
TAGCA[207:24D]ATGCG	5.0	0.007122507122507123
TATTA[217:12D]CAATG	5.0	0.007122507122507123
TCGTG[224:17I]TCCTTTCCTAATAAAATGAGGA	1.0	0.0014245014245014246
TGTTG[164:8D]GGTTC	2.0	0.002849002849002849
TTCGC[223:54D]AGGTG	1.0	0.0014245014245014246
TTCGT[223:4I]AGCAGGAGG	1.0	0.0014245014245014246
AGGAG[211:21D]TGCGG	4.0	0.005698005698005698
ATAAC[163:23D]CGAAC	11.0	0.01566951566951567
ATAAC[171:52D]GGAGG	2.0	0.002849002849002849
ATATG[169:7I]ACCATGTTCTGG	2.0	0.002849002849002849
ATTCG[222:14D]GTTCG	38.0	0.05413105413105413
CATGT[152:43D]CATGG	8.0	0.011396011396011397
AGTAG[208:75D]CCTAG	2.0	0.002849002849002849
TTATT[172:3I]AACGTTTC	2.0	0.002849002849002849
GAAAA[116:12D]CTAAG	12.0	0.017094017094017096
GAAGA[116:5D]CCTAC	2.0	0.002849002849002849
CAAGT[79:192D]TCCTG	2.0	0.002849002849002849
CGAAA[115:10D]CAACT	10.0	0.014245014245014245
GACAA[116:1D]TGGCC	5.0	0.007122507122507123
CCGAA[114:51D]TATCT	5.0	0.007122507122507123
GGAGC[212:16D]ACAAT	1.0	0.0014245014245014246
GGGTC[158:13D]TGGTT	23.0	0.03276353276353276
GTCAT[160:8D]CTCTG	9.0	0.01282051282051282
TCGGT[99:19D]GGCCT	3.0	0.004273504273504274
TGGGT[157:18D]TCATC	34.0	0.04843304843304843
AATTC[221:1I]TGCGGA	5.0	0.007122507122507123
CGGTC[100:22D]TGACA	2.0	0.002849002849002849
GTAGC[206:29D]GGTTC	3.0	0.004273504273504274
AATTC[221:1D]CTGAG	1.0	0.0014245014245014246
ATTCG[222:5D]GACAA	36.0	0.05128205128205128
GAGCA[213:10D]GGAGG	5.0	0.007122507122507123
GCCGA[113:5D]GGCCT	1.0	0.0014245014245014246
GGTCC[101:36D]GGCAC	1.0	0.0014245014245014246
TGTAC[108:2D]CGAGA	1.0	0.0014245014245014246
TGTCT[170:2D]GGTTC	3.0	0.004273504273504274
CTATT[216:5D]GCGGA	3.0	0.004273504273504274
ATTCG[222:2I]GACGGAG	2.0	0.002849002849002849
CATGT[195:38D]GCGGT	1.0	0.0014245014245014246
TATTA[217:1D]TTCGC	13.0	0.018518518518518517
TATTA[217:23D]GTAGT	4.0	0.005698005698005698
ACGAT[166:10D]CATCC	4.0	0.005698005698005698
CGAAA[115:50D]TATCT	2.0	0.002849002849002849
CGCGG[225:12D]TTCGT	7.0	0.009971509971509971
GAAAA[116:16D]GCTAC	3.0	0.004273504273504274
GATAT[168:1I]ACTCTG	6.0	0.008547008547008548
GATAT[168:47D]TAATT	3.0	0.004273504273504274
TAACG[164:11D]TCATC	2.0	0.002849002849002849
TAACG[164:14D]TCCGT	1.0	0.0014245014245014246
TAACG[164:7D]TGGTT	12.0	0.017094017094017096
TACGA[110:14D]ACAAC	1.0	0.0014245014245014246
GGGGA[226:3D]CAATG	2.0	0.002849002849002849
GGTTC[177:63D]GTAGT	1.0	0.0014245014245014246
GTAGC[223:2D]AGGAC	1.0	0.0014245014245014246
TTAAT[219:2D]GCGGA	5.0	0.007122507122507123
ATATC[169:8D]ATCCG	15.0	0.021367521367521368
CGAAT[115:108D]GGAGG	1.0	0.0014245014245014246
TCTCG[97:8D]TACGCCCGAA[114:108D]CGGAG	1.0	0.0014245014245014246
TTCGT[223:2D]AGGAC	2.0	0.002849002849002849
GGAGC[212:28D]GTAGT	1.0	0.0014245014245014246
ACGCC[71:52D]GACAA	1.0	0.0014245014245014246
ATGAC[169:11D]CGTGA	1.0	0.0014245014245014246
ATGTG[171:1D]GGTTC	1.0	0.0014245014245014246
ATGTT[153:4D]CATAATAACC[164:10D]TTCAT	1.0	0.0014245014245014246
ATTCG[222:10D]TGCGG	2.0	0.002849002849002849
ATTCT[222:3D]AGGAC	1.0	0.0014245014245014246
CCGAA[114:18D]GCTAC	3.0	0.004273504273504274
CCGAA[114:19D]CTACG	7.0	0.009971509971509971
CCGAA[114:39D]GGGTC	3.0	0.004273504273504274
GACAA[232:1I]ATGCGG	9.0	0.01282051282051282
GATAT[168:13D]GTGAC	11.0	0.01566951566951567
TAACG[164:17D]GTGAC	1.0	0.0014245014245014246
TCATA[161:82D]GTCAC	1.0	0.0014245014245014246
TGGAG[202:25D]GACAA	3.0	0.004273504273504274
AACTA[119:2I]ATGCCTG	1.0	0.0014245014245014246
ACGCC[111:1I]TGACAA	1.0	0.0014245014245014246
ACGCC[111:2D]AAAAT	12.0	0.017094017094017096
CCGAA[114:23D]GGCAC	3.0	0.004273504273504274
CGAAA[115:13D]CTAAG	15.0	0.021367521367521368
CGAGA[115:2I]CAAATGG	5.0	0.007122507122507123
GCAGG[209:28D]TTCGT	4.0	0.005698005698005698
GTCCT[102:21D]GACAA	16.0	0.022792022792022793
TACGC[110:34D]TGCCA	1.0	0.0014245014245014246
ACGAA[166:4D]CATGT	3.0	0.004273504273504274
GCGTC[89:25D]AAATG	2.0	0.002849002849002849
TAACG[164:3I]TTCATAACATAAC[169:4D]GTTCA	1.0	0.0014245014245014246
AAGTG[80:93D]GTTCA	1.0	0.0014245014245014246
TCCTT[103:165D]CGCTC	1.0	0.0014245014245014246
TTCGA[223:5D]ACAAT	1.0	0.0014245014245014246
ATGCC[169:8I]ATGTTGGGTCTGG	1.0	0.0014245014245014246
CATCT[95:37D]GCTAC	1.0	0.0014245014245014246
GACAA[128:73D]GTAGC	1.0	0.0014245014245014246
TCATG[161:8D]TCTGG	7.0	0.009971509971509971
AGCTA[214:8D]CGGAG	13.0	0.018518518518518517
CCATG[151:125D]CAGGT	1.0	0.0014245014245014246
AACAT[165:8D]GTTCA	9.0	0.01282051282051282
ATATG[169:2I]GGTCTGG	1.0	0.0014245014245014246
CCAAC[171:1I]ATGGTT	2.0	0.002849002849002849
TACCT[170:2D]GGTTC	1.0	0.0014245014245014246
TGGAG[202:22D]GAGGA	1.0	0.0014245014245014246
AAAGG[119:5D]ACAAC	1.0	0.0014245014245014246
CGATA[167:18D]CCGAA	10.0	0.014245014245014245
GTTGG[155:3D]ATAAC	1.0	0.0014245014245014246
ACGCC[111:58D]TCTGG	1.0	0.0014245014245014246
ACGAT[166:3D]TCTGG	8.0	0.011396011396011397
ATATC[169:12D]GTGAC	5.0	0.007122507122507123
CGAAA[115:3D]GGCCT	2.0	0.002849002849002849
GCCGA[113:49D]CGATA	2.0	0.002849002849002849
ATATC[169:1I]CTCTGG	10.0	0.014245014245014245
GCAGG[209:71D]TGGCC	5.0	0.007122507122507123
ATGTT[153:15D]CTCTG	11.0	0.01566951566951567
TAACG[164:3D]TCTCT	3.0	0.004273504273504274
CATGT[152:6D]ATAAC	1.0	0.0014245014245014246
ATTTC[163:1I]AGAGAGGCCTG[173:5I]AATGAGCTCA	1.0	0.0014245014245014246
TGTGC[108:16D]AAAAT	1.0	0.0014245014245014246
CACGC[70:40D]CGAAA	1.0	0.0014245014245014246
CTAAG[133:111D]TCACT	1.0	0.0014245014245014246
CTATT[216:46D]GTCCA	5.0	0.007122507122507123
GATAT[168:8I]GACAACATCTCTG	1.0	0.0014245014245014246
GCTAT[215:7D]CGGAG	16.0	0.022792022792022793
TGCCA[149:41D]CATGT	1.0	0.0014245014245014246
AGGAG[211:33D]TCACT	3.0	0.004273504273504274
GACAA[116:3I]CTAATGGC	5.0	0.007122507122507123
GCCGA[113:15D]CTAAG	6.0	0.008547008547008548
GCTTG[84:40D]ACAAC	2.0	0.002849002849002849
TAATT[220:1D]GCGGA	2.0	0.002849002849002849
AAAAA[117:3I]AAATGGCC	3.0	0.004273504273504274
AAAAA[117:5I]AAAAATGGCC	1.0	0.0014245014245014246
AACAT[175:2D]ATCCG	1.0	0.0014245014245014246
AACGA[165:12D]ACCCG	1.0	0.0014245014245014246
AACGA[165:24D]ACATG	12.0	0.017094017094017096
AACGA[165:3D]CTCTG	9.0	0.01282051282051282
AACGA[165:94D]ATCGT	1.0	0.0014245014245014246
AACGT[165:22D]GAACA	1.0	0.0014245014245014246
AACGT[165:8D]GTTCA	6.0	0.008547008547008548
AACTA[119:1I]AGCCTG	3.0	0.004273504273504274
AATGG[174:31I]CCTGACAACTAAGCTACGGCACGCTGCCATGTTGGG	1.0	0.0014245014245014246
ACCAA[166:2D]CTCTG	1.0	0.0014245014245014246
ACGAA[166:10D]CATGAAACAT[179:2I]GACCGTG	1.0	0.0014245014245014246
ACGAA[166:2D]CCGTGGTGAC[175:8I]CGAACATGTCATC	1.0	0.0014245014245014246
ACGAC[166:2I]CCATGTT	1.0	0.0014245014245014246
ACGAT[166:13D]CCGTG	16.0	0.022792022792022793
ACGAT[166:17D]GACCG	6.0	0.008547008547008548
ACGAT[166:20D]CGAAC	1.0	0.0014245014245014246
ACGAT[166:4D]CTGGT	9.0	0.01282051282051282
ACGCC[111:15D]AACTA	2.0	0.002849002849002849
ACGCT[145:108D]TCCGC	1.0	0.0014245014245014246
ACGGC[140:29D]TCTGG	1.0	0.0014245014245014246
ACGGT[166:4D]CTGGT	4.0	0.005698005698005698
ACTAA[117:11D]CTAAG	1.0	0.0014245014245014246
ACTAC[117:13D]AAGCT	1.0	0.0014245014245014246
ATAAA[163:5D]CTCTG	1.0	0.0014245014245014246
ATAAC[163:14D]ATCCG	5.0	0.007122507122507123
ATAAC[163:28D]ATGTC	10.0	0.014245014245014245
ATAAC[163:6D]TCTGG	19.0	0.027065527065527065
ATATA[169:11D]CGTGA	1.0	0.0014245014245014246
ATATC[169:93D]GTCCA	1.0	0.0014245014245014246
ATATG[169:28I]GTTATGACCCAACCATAACCATATCCGTTATGG	1.0	0.0014245014245014246
ATATG[169:31I]ACCCAACATGGTCTGGTTCATCCGTGTTCGGTCTGG	1.0	0.0014245014245014246
ATATG[169:3D]GGTTC	2.0	0.002849002849002849
ATATG[169:4I]ATGATCTGG	1.0	0.0014245014245014246
ATATG[169:4I]ATGTTCTGG	1.0	0.0014245014245014246
ATCTC[171:6D]ATCCG	1.0	0.0014245014245014246
ATGAC[169:7D]CGACC	1.0	0.0014245014245014246
ATGAC[171:5D]CATCC	1.0	0.0014245014245014246
ATGAC[171:5D]CATCGCCATC[180:1D]GTGAC	1.0	0.0014245014245014246
ATGAC[171:8I]CCAACATATGGTT	1.0	0.0014245014245014246
ATGAC[171:9D]CGTGA	4.0	0.005698005698005698
ATGAT[172:4I]AGTAGGTTC	1.0	0.0014245014245014246
ATGTT[153:17D]CTGGT	7.0	0.009971509971509971
ATGTT[153:32D]CCGAA	1.0	0.0014245014245014246
ATGTT[153:37D]CATGT	1.0	0.0014245014245014246
ATGTT[166:6D]GGTTC	1.0	0.0014245014245014246
ATGTT[171:1I]ATGGTT	1.0	0.0014245014245014246
ATTCG[222:1I]GCGGAGGACAA[232:1I]ATGCGG	1.0	0.0014245014245014246
CAACT[118:2I]TTGGCCT	1.0	0.0014245014245014246
CAACT[130:50D]CGTGA	1.0	0.0014245014245014246
CACAA[162:16D]TCCGT	1.0	0.0014245014245014246
CACGC[144:36D]CGTGA	1.0	0.0014245014245014246
CATAA[162:20D]TGACC	1.0	0.0014245014245014246
CATAG[162:10D]GGTTC	1.0	0.0014245014245014246
CATGT[152:16D]CTCTG	7.0	0.009971509971509971
CCGAA[114:27D]CGCTG	4.0	0.005698005698005698
CCGAA[114:45D]TAACG	2.0	0.002849002849002849
CCGAA[114:49D]GATAT	1.0	0.0014245014245014246
CCGAA[114:49I]TCAGGTGGGGGGAGGCTCGGGCTGGGGTGCAGTGGGGGGAGGCTCAGGCAAATG	1.0	0.0014245014245014246
CCGAA[114:9D]GACAA	6.0	0.008547008547008548
CCTTT[104:10D]AAATG	4.0	0.005698005698005698
CGAAA[115:47D]CGATA	1.0	0.0014245014245014246
CGAAC[171:1I]ATGGTT	3.0	0.004273504273504274
CGAAT[115:7D]TGACA	1.0	0.0014245014245014246
CGAGA[115:2D]TGGCC	5.0	0.007122507122507123
CGAGA[115:6I]CAACTAAATGG	2.0	0.002849002849002849
CGAGA[115:6I]CAACTAAATGGTGACA[127:51D]TCCGT	1.0	0.0014245014245014246
CGAGA[115:7D]TGAATGATGA[125:41D]ATCTC	1.0	0.0014245014245014246
CGATA[167:16D]GACCG	1.0	0.0014245014245014246
CGATA[167:6D]GTTCA	2.0	0.002849002849002849
CGCAT[93:100D]GTCAT	2.0	0.002849002849002849
CGCCG[112:26D]GCACG	2.0	0.002849002849002849
CGCCG[112:70D]TGACC	4.0	0.005698005698005698
CGCTG[146:31D]ATCCG	1.0	0.0014245014245014246
CGGTC[158:13D]TGGTT	1.0	0.0014245014245014246
CTGAA[114:17I]CTGTATCAATAAAAGAAAAATGAATGG[120:2I]AGCCAGT	1.0	0.0014245014245014246
CTGCC[148:21D]TCTGG	3.0	0.004273504273504274
CTGCC[148:25D]GTTCA	1.0	0.0014245014245014246
CTGCC[169:8I]ATGTTGGGTCTGG	1.0	0.0014245014245014246
CTTAA[117:2D]GCCTCAGCCT[123:2D]CAATA	1.0	0.0014245014245014246
CTTAG[105:15D]CCTGA	2.0	0.002849002849002849
CTTTC[74:103D]ATCCG	1.0	0.0014245014245014246
CTTTG[105:14D]GCCTG	7.0	0.009971509971509971
CTTTG[105:8D]AAAAT	2.0	0.002849002849002849
GAACG[168:7D]TCATC	1.0	0.0014245014245014246
GACAT[168:2I]GACCCTG	1.0	0.0014245014245014246
GACAT[168:2I]GACTCTG	1.0	0.0014245014245014246
GACAT[168:4D]GGTTC	2.0	0.002849002849002849
GACCC[173:11D]AACGA	1.0	0.0014245014245014246
GATAT[168:11I]GAACGGATGAACTCTG	1.0	0.0014245014245014246
GATAT[168:15D]GACCG	14.0	0.019943019943019943
GATAT[168:1D]TCTGTCTGTT[175:2D]ATCTG	1.0	0.0014245014245014246
GATAT[168:2I]ATCTCTG	2.0	0.002849002849002849
GATAT[168:2I]GACCCTG	4.0	0.005698005698005698
GATAT[168:2I]GACTCTG	16.0	0.022792022792022793
GATAT[168:32I]GACCCATAACGATATGAGTCATAACGATATGACTCTG	1.0	0.0014245014245014246
GATAT[168:3D]TGGTT	7.0	0.009971509971509971
GATAT[168:47D]TAATTATTCG[222:1I]GCGGAG	1.0	0.0014245014245014246
GATAT[168:5D]GGTTA	2.0	0.002849002849002849
GATAT[168:6D]TTCAT	5.0	0.007122507122507123
GATAT[168:7D]TCATC	10.0	0.014245014245014245
GATAT[168:7I]GACCCAACTCTG	3.0	0.004273504273504274
GATAT[168:7I]GACCGAACTCTG	1.0	0.0014245014245014246
GATAT[168:8I]GACCCATGCTCTG	1.0	0.0014245014245014246
GATAT[168:92I]GGTCTGCTTCTCTTCTAGGTGGGCTCTGTTGTGTCTGTTGGCTGGCTCCGGTCCAAGAAGGCTGTTGACTGGCGTCTCTTTCGTAACATTTTCTCTG	1.0	0.0014245014245014246
GATAT[168:9D]ATCCG	13.0	0.018518518518518517
GATGA[125:41D]ATCTC	1.0	0.0014245014245014246
GATGT[168:3D]TGGTT	4.0	0.005698005698005698
GCACG[143:39D]TGACC	2.0	0.002849002849002849
GCATC[94:83D]ATCCG	1.0	0.0014245014245014246
GCCAT[150:127D]AGGTG	1.0	0.0014245014245014246
GCCAT[150:25D]TCATC	3.0	0.004273504273504274
GCGGC[140:40D]CGTGA	1.0	0.0014245014245014246
GCTGC[147:22D]TCTGG	4.0	0.005698005698005698
GCTGG[147:28D]TCGTC	1.0	0.0014245014245014246
GGCCT[123:130D]TCCGC	1.0	0.0014245014245014246
GGGTC[158:11D]TCTGG	7.0	0.009971509971509971
GGGTC[158:25D]GACCG	3.0	0.004273504273504274
GGTTC[158:14D]GGTTC	1.0	0.0014245014245014246
GTACG[109:5D]AAATG	2.0	0.002849002849002849
GTCAT[160:19D]CCATG	2.0	0.002849002849002849
GTCCT[102:11D]AAAAT	3.0	0.004273504273504274
GTCCT[102:12D]AAATG	2.0	0.002849002849002849
GTGTT[168:4D]GGTTC	2.0	0.002849002849002849
GTTAT[179:26I]ATATGTTATGTTATGATATGTTATGTCCGTG	1.0	0.0014245014245014246
TAACG[164:4I]TGACATGTTCATGT[168:1D]TCTGG	1.0	0.0014245014245014246
TAACG[164:9D]GTTCA	4.0	0.005698005698005698
TAACT[164:4I]TGTCATAAC	1.0	0.0014245014245014246
TAATG[164:10D]TTCAT	2.0	0.002849002849002849
TACGA[110:8D]GGCCT	1.0	0.0014245014245014246
TACGG[139:30D]TCTGG	1.0	0.0014245014245014246
TATGT[170:3I]TATCTGGT	1.0	0.0014245014245014246
TATGT[175:10I]CACGATATGTTCATC	1.0	0.0014245014245014246
TCATA[161:24D]CCGAA	3.0	0.004273504273504274
TCATA[161:4D]TGACT	1.0	0.0014245014245014246
TCATA[161:7D]CTCTG	9.0	0.01282051282051282
TCATC[161:1D]CGTGACGTGA[167:12D]CCGTG	1.0	0.0014245014245014246
TCATC[161:9D]CTGGT	1.0	0.0014245014245014246
TCCTT[103:11D]AAATG	2.0	0.002849002849002849
TCCTT[103:11D]AAATGGGCCT[123:130D]TCCGC	1.0	0.0014245014245014246
TCCTT[103:32D]ACGGC	2.0	0.002849002849002849
TGACA[127:51D]TCCGT	2.0	0.002849002849002849
TGTTC[169:3D]GGTTC	1.0	0.0014245014245014246
TGTTG[154:14D]CTCTG	4.0	0.005698005698005698
TGTTG[154:16D]CTGGT	1.0	0.0014245014245014246
TGTTG[154:28D]TGACC	3.0	0.004273504273504274
TGTTG[164:8I]GGTCATGAACAAC	1.0	0.0014245014245014246
TTGGG[156:24D]CGTGA	1.0	0.0014245014245014246
TTGTA[107:24D]AGCTA	4.0	0.005698005698005698
TTGTA[107:8D]AATGG	4.0	0.005698005698005698
TTGTC[103:11D]AAATG	1.0	0.0014245014245014246
TTGTC[110:2D]ATCTC	1.0	0.0014245014245014246
TTTGT[106:77D]GACCG	1.0	0.0014245014245014246
GCCGA[113:1I]CAAAAT	2.0	0.002849002849002849
TCGCA[92:33D]CAACT	2.0	0.002849002849002849
GAACG[116:7I]TAGTTGTATGGC	1.0	0.0014245014245014246
TACGC[110:12D]TGACA	4.0	0.005698005698005698
TGTAC[108:18D]AACTA	6.0	0.008547008547008548
TGTAC[108:1D]CTGAC	1.0	0.0014245014245014246
CTTTG[105:122D]GACAA	1.0	0.0014245014245014246
TCGGT[99:20D]GCCTG	3.0	0.004273504273504274
ACGCC[111:11D]TGACATGACA[127:43D]CTGGT	1.0	0.0014245014245014246
AGCTA[214:12D]GGACA	3.0	0.004273504273504274
ATTCG[222:12I]GAGCTATTAATTCGGAG	8.0	0.011396011396011397
ATTCG[222:4D]GGACG	1.0	0.0014245014245014246
ATTCG[222:9D]ATGCG	7.0	0.009971509971509971
CGTAG[225:12I]TCACTGTCTACGAGGAC	1.0	0.0014245014245014246
GAGAT[168:5D]GGTTA	1.0	0.0014245014245014246
GATAT[168:25I]GACCCAACATGTTGGGTCATAACGACTCTG	1.0	0.0014245014245014246
GATAT[168:64D]TGCGG	1.0	0.0014245014245014246
GGAGC[212:10D]CGGAG	2.0	0.002849002849002849
TATTA[217:28D]CACTG	2.0	0.002849002849002849
TATTA[217:6I]TTATTAATTCGATTCG[222:2D]GAGGA	1.0	0.0014245014245014246
TCATA[161:6D]TCTCT	4.0	0.005698005698005698
TGACA[127:43D]CTGGT	1.0	0.0014245014245014246
TGCCA[149:82D]ATGCG	1.0	0.0014245014245014246
CATAA[162:16D]TCCGT	5.0	0.007122507122507123
AGACA[117:14I]ACTAAGCTGTTGTCTGGCC	1.0	0.0014245014245014246
ACGAT[166:9D]TCATC	9.0	0.01282051282051282
ACTAA[132:30D]CGATA	1.0	0.0014245014245014246
GAACA[192:55D]CTGTC	1.0	0.0014245014245014246
TAACG[164:8D]GGTTC	1.0	0.0014245014245014246
ATTCG[222:2I]AACGGAG	2.0	0.002849002849002849
CCGAA[114:8I]GATGTACAAAATG	1.0	0.0014245014245014246
GCATC[94:38D]GCTAC	1.0	0.0014245014245014246
TCGAA[224:1D]AGGAC	2.0	0.002849002849002849
TGTAC[108:5D]AAAAT	5.0	0.007122507122507123
TTGGC[98:26D]ACAAC	1.0	0.0014245014245014246
TTGTA[107:9D]ATGGAAATGG[120:1I]ACCTGA	1.0	0.0014245014245014246
GCGAA[114:108D]CGGAG	1.0	0.0014245014245014246
TGTTG[154:13D]TCGTT	1.0	0.0014245014245014246
CGGTC[100:13D]AAAAT	6.0	0.008547008547008548
GAACA[116:1I]GATGGC	1.0	0.0014245014245014246
TACGC[110:3D]AAAAT	8.0	0.011396011396011397
ACGGC[140:125D]CATCG	1.0	0.0014245014245014246
GAGCT[213:40D]TCCGC	1.0	0.0014245014245014246
TGTAC[108:21D]TAAGC	4.0	0.005698005698005698
AATGC[117:24D]CGCTG	1.0	0.0014245014245014246
CCGAA[114:24D]GCACG	5.0	0.007122507122507123
CCGAA[114:25D]CACGC	1.0	0.0014245014245014246
CCGAA[114:35D]TGTCG	1.0	0.0014245014245014246
CCGAA[114:37D]TTGGG	1.0	0.0014245014245014246
CCGAA[114:38D]TGGGT	4.0	0.005698005698005698
CCGAA[114:57D]TGGTT	1.0	0.0014245014245014246
CGAAA[115:26D]CGCTG	5.0	0.007122507122507123
CGAAA[115:44D]TAACG	2.0	0.002849002849002849
CGAAG[115:8D]GCCAA	1.0	0.0014245014245014246
CGAAT[115:48D]GATAT	1.0	0.0014245014245014246
CGCCG[112:90D]TAGCA	1.0	0.0014245014245014246
GCGTC[89:75D]ATATC	1.0	0.0014245014245014246
AACAA[117:4I]CTAATGGCC	2.0	0.002849002849002849
AACTA[117:1I]CTGGCC	1.0	0.0014245014245014246
AATGA[116:5D]CTTAC	1.0	0.0014245014245014246
AATTA[117:1D]GCCCT	1.0	0.0014245014245014246
ACAAA[117:1D]GGACT	1.0	0.0014245014245014246
ACAAA[117:5I]GTGCTTGGCC	1.0	0.0014245014245014246
ACACG[111:2D]AAAAT	1.0	0.0014245014245014246
ACGCC[111:4D]AATTC	1.0	0.0014245014245014246
ACGCC[111:8I]AGGAGTTTGAGAC	1.0	0.0014245014245014246
ACGCT[111:4D]AATTC	1.0	0.0014245014245014246
ACGCT[71:64D]ACGGC	1.0	0.0014245014245014246
ACTCA[120:10I]TTCTCAACCCCCTGA	1.0	0.0014245014245014246
AGTAA[51:65D]ATGGC	1.0	0.0014245014245014246
CAACT[118:2I]AAGGCCT	1.0	0.0014245014245014246
CAACT[118:3I]AAGGACCT	1.0	0.0014245014245014246
CAACT[118:4I]AAGTGGCCT	1.0	0.0014245014245014246
CAACT[118:4I]TTGTGGCCT	1.0	0.0014245014245014246
CAACT[118:7I]AAGCTACGGCCT	1.0	0.0014245014245014246
CAAGC[79:48D]ACTAA	1.0	0.0014245014245014246
CATCT[95:19D]AAATG	1.0	0.0014245014245014246
CCGAA[114:1I]CAAATG	6.0	0.008547008547008548
CCGAA[114:1I]TAAATG	7.0	0.009971509971509971
CCGAA[114:2I]CAAAATG	2.0	0.002849002849002849
CCGAA[114:4I]CAACAAATG	1.0	0.0014245014245014246
CCGAA[114:6D]CCTGA	5.0	0.007122507122507123
CCGAA[114:7I]GACATACAAATG	1.0	0.0014245014245014246
CCGAC[114:2I]CGAGATG	1.0	0.0014245014245014246
CCTTG[104:10D]AAATG	1.0	0.0014245014245014246
CCTTT[104:1I]TGTACGAATTA[117:1D]GCCCT	1.0	0.0014245014245014246
CCTTT[104:22D]AACTA	1.0	0.0014245014245014246
CGAAA[115:4I]TACAAAGGA	1.0	0.0014245014245014246
CGAAT[115:11I]GGCGTACAACTAATGG	1.0	0.0014245014245014246
CGAGA[115:5I]CAACTAATGG	2.0	0.002849002849002849
CGAGA[115:9I]CTGACAACTAATGG	1.0	0.0014245014245014246
CGCAT[93:25D]GGCCT	2.0	0.002849002849002849
CGGGC[115:1I]TAATTC	1.0	0.0014245014245014246
CGGTC[100:31D]AGCTA	2.0	0.002849002849002849
CTCGG[98:22D]CCTGA	10.0	0.014245014245014245
CTTTG[105:11D]ATGGC	1.0	0.0014245014245014246
CTTTG[105:15D]CCTGA	3.0	0.004273504273504274
GACAA[116:2I]CAATGGC	1.0	0.0014245014245014246
GACAA[116:34I]CTAATGTCTTTGTACGCCGACAACTAATGTACAAATGGC	1.0	0.0014245014245014246
GACAA[116:4I]CTAAATGGC	3.0	0.004273504273504274
GACAA[116:9I]TGCGTACAAATGGC	1.0	0.0014245014245014246
GACAA[118:3D]CTGAC	1.0	0.0014245014245014246
GAGAT[116:2I]GTATGGC	1.0	0.0014245014245014246
GCCGA[113:6I]GAGAAAAAAAT	1.0	0.0014245014245014246
GCCGA[113:72I]GCTTTCATTTCTTCTATTACACTTAACAATTGCTTTACCCATTCCAAATAGTGGTTAGATGGCTAAGAGTGCAAAAT	1.0	0.0014245014245014246
GGTCC[101:14D]AATGG	1.0	0.0014245014245014246
GGTCC[101:15D]ATGGC	1.0	0.0014245014245014246
GGTCC[101:19D]CCTGA	1.0	0.0014245014245014246
GGTCC[101:34D]ACGGC	1.0	0.0014245014245014246
GTACG[109:15D]ACAAC	2.0	0.002849002849002849
GTACG[109:29D]GCACG	1.0	0.0014245014245014246
GTACG[109:5D]AGATGAGATG[119:2D]CGTAC	1.0	0.0014245014245014246
GTAGT[118:1I]TGGCCT	1.0	0.0014245014245014246
GTCCT[102:28D]AAGCT	5.0	0.007122507122507123
GTGCT[82:31D]AAAAT	1.0	0.0014245014245014246
GTTGG[109:2D]GGCTA	1.0	0.0014245014245014246
TCCAA[77:38D]AATGG	1.0	0.0014245014245014246
TCCTT[103:21D]ACAAC	1.0	0.0014245014245014246
TCGCA[92:39D]AGCTA	1.0	0.0014245014245014246
TCGGT[99:24D]GACAA	1.0	0.0014245014245014246
TCGGT[99:28D]ACTAA	1.0	0.0014245014245014246
TCTCG[97:28D]CAACT	1.0	0.0014245014245014246
TCTTC[221:36D]CAATC	1.0	0.0014245014245014246
TGTAC[108:19D]ACTAA	3.0	0.004273504273504274
TGTAC[108:32D]ACGCT	1.0	0.0014245014245014246
TGTAC[108:6D]AAATG	6.0	0.008547008547008548
TTGTA[107:6D]AAAAT	4.0	0.005698005698005698
TTTGT[106:12D]GGCCT	6.0	0.008547008547008548
AGATA[214:10D]GAGGA	1.0	0.0014245014245014246
AGCTA[214:33D]CTGTC	1.0	0.0014245014245014246
ATATG[169:5I]ATATGTCTGG	1.0	0.0014245014245014246
CCGTA[114:1I]CAAATG	1.0	0.0014245014245014246
GTCAT[160:23D]GACCG	5.0	0.007122507122507123
TTCGT[223:2D]ATTAC	1.0	0.0014245014245014246
ATTCG[222:6I]AATTCGCGGAG	1.0	0.0014245014245014246
CCGAA[114:15D]TAAGC	3.0	0.004273504273504274
GATAT[168:32D]AGTAG	1.0	0.0014245014245014246
CCGAA[114:48D]CGATA	6.0	0.008547008547008548
ATAAC[163:5D]CTCTG	5.0	0.007122507122507123
CGATA[167:55D]CGGAG	3.0	0.004273504273504274
GTCAT[160:3D]GTTCG	1.0	0.0014245014245014246
TCATG[161:17D]TCCGT	2.0	0.002849002849002849
ATAAC[163:17D]CGTGA	3.0	0.004273504273504274
ATTCG[222:5D]GTTAATTAAT[233:1I]AGCGGT	1.0	0.0014245014245014246
CGCGT[225:1D]GGACA	1.0	0.0014245014245014246
CTATT[216:23D]CGTAG	2.0	0.002849002849002849
TGTAC[108:13D]CTGAC	4.0	0.005698005698005698
GAGCT[213:11D]GACGA	1.0	0.0014245014245014246
CTATT[216:2D]TTGGTTTTGG[222:10D]TTATG	1.0	0.0014245014245014246
TAAGC[134:143D]AGGTG	1.0	0.0014245014245014246
AACCC[171:23I]ACATAACGATAACGCTGCCATGTTGGTT	1.0	0.0014245014245014246
ATAAC[163:1D]ATGTTCATGT[168:3D]TGGTT	3.0	0.004273504273504274
CCGAA[114:3D]TGGCCCTGAC[126:3D]TAAGC	1.0	0.0014245014245014246
GTAGT[226:3D]CACTG	1.0	0.0014245014245014246
GTCCT[102:77D]CCGTG	1.0	0.0014245014245014246
TGTTG[154:30D]ACCGA	9.0	0.01282051282051282
ATAAC[163:7I]ATGTTGGGTCAT	1.0	0.0014245014245014246
TCATA[161:11D]GGTTC	2.0	0.002849002849002849
ATGCC[163:1D]ATGTTCATGT[168:3D]TGGTT	1.0	0.0014245014245014246
ATGGC[171:6D]ATCCG	1.0	0.0014245014245014246
CATAA[162:5D]TCTCT	4.0	0.005698005698005698
CCTTT[104:25D]TAAGC	1.0	0.0014245014245014246
CTGCG[148:19D]TCTCT	1.0	0.0014245014245014246
GCCGA[113:52D]TATCT	2.0	0.002849002849002849
GCGTC[89:40D]TAAGC	1.0	0.0014245014245014246
TAACA[164:6D]CTGGT	1.0	0.0014245014245014246
CGAAA[115:21D]CGGCA	2.0	0.002849002849002849
CGAAA[115:52D]TCTCT	3.0	0.004273504273504274
CGATA[167:22D]ACATG	1.0	0.0014245014245014246
GAGCT[213:22I]CGGTCATGGAGTAGCAGGAGCTATTAA	1.0	0.0014245014245014246
TAACA[164:7D]TGGTT	8.0	0.011396011396011397
TGTCA[197:28D]AGGAC	1.0	0.0014245014245014246
ACTCA[67:60D]ACTAA	1.0	0.0014245014245014246
AAGAT[117:12I]GTACAACTTAGTTGGCC	1.0	0.0014245014245014246
CGAAA[115:111D]GGACC	1.0	0.0014245014245014246
CGAAA[115:111D]GGACCAGGAC[230:27D]CAATC	1.0	0.0014245014245014246
CTTTG[105:28D]CTACG	1.0	0.0014245014245014246
ATTCG[222:36I]GGTTTGAATTAATAGCTATTAATTCAGCTATTAATTCGGAG	1.0	0.0014245014245014246
TTAGT[106:14D]CCTGA	1.0	0.0014245014245014246
GGCAC[142:44D]CGAAC	1.0	0.0014245014245014246
TAACG[164:3D]TGCCTCCTTG[174:13D]GAACA	2.0	0.002849002849002849
CCATG[151:22D]GTTCA	4.0	0.005698005698005698
GATAT[168:3I]GACCTCTG	4.0	0.005698005698005698
TAACG[164:4I]TGGCATGTTCATGT[168:3D]TGGTT	1.0	0.0014245014245014246
AAATG[171:33I]GCCTGACAACTAAGCTACGGCACGCTGCCATGTTGGGTGTCAT[179:5D]ACCGA	1.0	0.0014245014245014246
AATTC[221:1I]AGCGGA	2.0	0.002849002849002849
CCATG[151:19D]CTGGT	4.0	0.005698005698005698
CCTTT[104:84D]AACAT	1.0	0.0014245014245014246
CGATA[167:23D]CATGG	1.0	0.0014245014245014246
GATAT[168:48D]AATTC	2.0	0.002849002849002849
GTCAT[160:12D]GGTTC	2.0	0.002849002849002849
TAACG[164:1I]GATGTAGATGT[168:1I]ACTCTG	1.0	0.0014245014245014246
TACGC[110:13D]GACAA	1.0	0.0014245014245014246
TGTTG[154:80D]CGGTT	1.0	0.0014245014245014246
CATGT[152:27D]CCGTG	3.0	0.004273504273504274
CCATA[151:26D]ATCCG	1.0	0.0014245014245014246
GTCAT[160:20D]CGTGA	2.0	0.002849002849002849
GATAT[168:2I]TTCTCTG	2.0	0.002849002849002849
AATTT[221:1D]CGGAG	4.0	0.005698005698005698
CTGGG[98:22D]CCTGA	1.0	0.0014245014245014246
CATCT[95:18D]AAAAT	2.0	0.002849002849002849
GATAT[168:56D]GAGGA	1.0	0.0014245014245014246
CAACT[44:86D]AAGCT	2.0	0.002849002849002849
TAATT[220:1I]TCGCGG	1.0	0.0014245014245014246
ACGAC[166:5I]CGAACATGTT	1.0	0.0014245014245014246
CCCGT[225:11D]GTTCT	1.0	0.0014245014245014246
CCTTT[104:26D]AAGCT	3.0	0.004273504273504274
GAGGT[160:8I]GGGTCTGAAACGA	2.0	0.002849002849002849
GAGTA[204:28D]TGCGG	3.0	0.004273504273504274
GTACA[226:6D]TGCGG	1.0	0.0014245014245014246
GTCAT[160:1I]GAACCATGACT[170:2D]GGTTC	1.0	0.0014245014245014246
GTCAT[198:24D]CGGAG	1.0	0.0014245014245014246
TAATT[220:13D]GCGGT	2.0	0.002849002849002849
TCGCG[224:2I]CGGAGGA	7.0	0.009971509971509971
TGGTT[172:12I]ATGACCCAACATGGTTC	1.0	0.0014245014245014246
TTCGC[223:1I]AGGAGG	2.0	0.002849002849002849
AATTC[221:27D]TGTCT	1.0	0.0014245014245014246
ACCCA[171:6I]ACATGTTGGTT	1.0	0.0014245014245014246
ACGAT[166:25I]GGTCATAACATGGTCAGAACGAACCATGTTCATGT[170:1D]TGGTT	1.0	0.0014245014245014246
ACGCT[145:25D]CTGGT	1.0	0.0014245014245014246
ATAAC[169:8D]ATCCG	1.0	0.0014245014245014246
ATATC[169:3D]GGTTC	1.0	0.0014245014245014246
ATTCG[222:3I]GTTCGTAGGTAGT[228:1I]CACAAT	1.0	0.0014245014245014246
CATGG[162:5D]TCTCT	1.0	0.0014245014245014246
CCATG[151:17D]CTCTG	4.0	0.005698005698005698
CCCAA[171:5D]CATCC	1.0	0.0014245014245014246
CGATA[167:5D]GGTTC	3.0	0.004273504273504274
GCCAT[150:18D]CTCTG	2.0	0.002849002849002849
GCTAT[215:30D]CACTG	2.0	0.002849002849002849
GCTAT[215:34D]GTCTT	1.0	0.0014245014245014246
GGAGC[212:15D]GACAA	2.0	0.002849002849002849
GGGTC[158:10D]CTCTG	4.0	0.005698005698005698
GTAGC[212:1D]ATGGAGTAGC[223:11I]ATGGAGTAGCAGGAGG	1.0	0.0014245014245014246
TACGT[170:2I]GACCGAA	1.0	0.0014245014245014246
TATGT[170:1I]TCTGGT	7.0	0.009971509971509971
TCATG[199:29D]ACAAT	2.0	0.002849002849002849
TGGGT[157:10D]TCTCT	2.0	0.002849002849002849
TGGGT[157:26D]GACCG	10.0	0.014245014245014245
CTAGC[114:21I]CCATGTTTGACTGGGGTTCTGAAATG	1.0	0.0014245014245014246
GAAAC[116:43D]TAATA	1.0	0.0014245014245014246
GAAAC[116:43D]TAATAGTTTA[178:94D]CATGC	1.0	0.0014245014245014246
GTTTA[178:94D]CATGC	1.0	0.0014245014245014246
ACGGA[166:2I]TGAACTC	1.0	0.0014245014245014246
CGTCG[90:66D]TCATA	1.0	0.0014245014245014246
TGGTT[176:1I]TCATCC	1.0	0.0014245014245014246
CCATG[151:33D]ACCGA	9.0	0.01282051282051282
CCGTA[114:4I]GCTTAGTTG	1.0	0.0014245014245014246
AGCAG[208:20D]ACAAT	1.0	0.0014245014245014246
TTCGA[223:2D]AGGAC	6.0	0.008547008547008548
ACGTT[166:6D]GGTTC	2.0	0.002849002849002849
ATTCG[222:34D]GCAAT	1.0	0.0014245014245014246
CTCGG[98:26D]ACAAC	3.0	0.004273504273504274
GAAAA[116:46D]CGATA	2.0	0.002849002849002849
TAACG[164:1D]TGTCGGTGTC[169:3D]GATTC	1.0	0.0014245014245014246
TATTA[217:9D]GGACA	2.0	0.002849002849002849
AAAAA[117:1I]ATGGCCTGACA[127:41D]CTCTG	1.0	0.0014245014245014246
ACGAC[166:14I]CGAACATCCATGACATGTT	1.0	0.0014245014245014246
ATATG[169:2I]ATTCTGG	1.0	0.0014245014245014246
ATGTT[153:27D]CGTGA	1.0	0.0014245014245014246
CATGT[152:18D]CTGGT	12.0	0.017094017094017096
CATGT[162:9D]TGGTT	5.0	0.007122507122507123
CCGAA[175:45I]CATGTCATATCATCCGTGACATCCGTGACATGACATCATGTCATGTCATC	1.0	0.0014245014245014246
CCGCT[175:2I]GATCAGC	1.0	0.0014245014245014246
CGGTC[100:29D]TAAGC	3.0	0.004273504273504274
GATAT[168:46I]GACAAGTGTTATGTGATCCCATTGTAGTTTTAAGTTGTACTTCTCTCTCTG	1.0	0.0014245014245014246
GGCAC[142:26D]CTCTG	1.0	0.0014245014245014246
GGTCA[159:25D]ACCGA	2.0	0.002849002849002849
GGTCC[119:7I]TTTGTACGCCTG	1.0	0.0014245014245014246
TATTT[170:13D]GACCG	3.0	0.004273504273504274
TCATA[161:15D]CATCC	2.0	0.002849002849002849
TCATA[161:21D]TGACC	2.0	0.002849002849002849
TCCTT[103:12D]AATGG	1.0	0.0014245014245014246
TGACA[127:41D]CTCTG	2.0	0.002849002849002849
TGACA[172:10D]TGACC	1.0	0.0014245014245014246
TGACC[169:8I]GAACCATGTTGGG	1.0	0.0014245014245014246
GACAT[165:8D]GTTCA	1.0	0.0014245014245014246
GATAT[168:55I]AGTATACTTGTTATTGTGTCCCCTGTTGTCATTGAGCTTACCTAAGAACTCTTTTCTCTG	1.0	0.0014245014245014246
ACGCA[178:3D]GAGAC	1.0	0.0014245014245014246
ATATG[169:8D]ATCCG	1.0	0.0014245014245014246
ATTCG[222:11D]GCGGT	3.0	0.004273504273504274
CACGC[144:33D]ATCCG	1.0	0.0014245014245014246
CCATG[151:26D]ATCCG	1.0	0.0014245014245014246
CCGAA[114:76D]CATGT	4.0	0.005698005698005698
GAGCT[213:1D]TTAAT	1.0	0.0014245014245014246
GGGTT[158:27D]CCGAA	1.0	0.0014245014245014246
GTCAT[160:10D]CTGGT	2.0	0.002849002849002849
TAACG[164:4D]CTCTG	8.0	0.011396011396011397
TATTA[217:5D]CGGAG	9.0	0.01282051282051282
ATTCG[222:4D]GGACA	9.0	0.01282051282051282
ACGCT[71:74D]GCCAT	5.0	0.007122507122507123
CTATT[216:24D]GTAGT	2.0	0.002849002849002849
CTTTG[105:26D]AGCTA	1.0	0.0014245014245014246
GTCAT[160:33D]GTCAT	3.0	0.004273504273504274
AACGA[165:3I]ACATGACT	1.0	0.0014245014245014246
ATATT[169:9I]CATCGTTATTCTGG	1.0	0.0014245014245014246
ATTAA[218:5D]GGAGG	1.0	0.0014245014245014246
ATTAG[222:3D]AGGAC	1.0	0.0014245014245014246
ATTCG[222:3D]AAGAC	1.0	0.0014245014245014246
CGCCG[112:112D]GAGGA	3.0	0.004273504273504274
GCCGA[113:4I]GTGAATTAT	1.0	0.0014245014245014246
GGCGC[88:39D]ACTAA	1.0	0.0014245014245014246
GGTCC[101:12D]AAAAT	5.0	0.007122507122507123
TCACT[224:6I]CCCAACGAAGA	1.0	0.0014245014245014246
TTAAT[219:32D]CTTCC	1.0	0.0014245014245014246
TTCGT[223:5D]ACAAT	1.0	0.0014245014245014246
CATCC[162:64D]GGACA	1.0	0.0014245014245014246
TTAGC[223:1I]AGGAGG	2.0	0.002849002849002849
AGGAG[211:17D]ACAAT	3.0	0.004273504273504274
ATATG[169:5I]CCATGTCTGG	1.0	0.0014245014245014246
ATTCG[222:8D]AATGC	11.0	0.01566951566951567
GAGCT[213:20D]GCGGT	5.0	0.007122507122507123
TCGGT[99:14D]AAAAT	4.0	0.005698005698005698
TTTGT[106:79D]CCGAA	1.0	0.0014245014245014246
TCGCA[92:24D]ATGGC	1.0	0.0014245014245014246
ATATC[169:17D]CGAAC	1.0	0.0014245014245014246
ATGAA[169:3I]CGGTTCGG	1.0	0.0014245014245014246
GTTGG[155:27D]TGACC	1.0	0.0014245014245014246
CCGAA[114:5D]GCCTG	5.0	0.007122507122507123
GATAA[168:1I]ACTCTG	1.0	0.0014245014245014246
AGCAG[208:29D]TTCGT	3.0	0.004273504273504274
CGCTG[146:27D]GTTCA	2.0	0.002849002849002849
GACAA[227:3I]TGCGACAA	1.0	0.0014245014245014246
GGAGT[203:32D]GGTTC	4.0	0.005698005698005698
TAGTT[227:3D]AATGC	1.0	0.0014245014245014246
TTCGC[223:25D]TGTCT	2.0	0.002849002849002849
CATAA[162:70D]TGCGG	1.0	0.0014245014245014246
AGCTA[158:37D]CATGG	1.0	0.0014245014245014246
TCTCG[97:16D]AAAAT	1.0	0.0014245014245014246
AGTAG[205:19D]GAGGA	2.0	0.002849002849002849
ATATG[169:5I]ACCCATCTGG	1.0	0.0014245014245014246
CACGC[144:37D]GTGAC	1.0	0.0014245014245014246
AGGAG[211:8D]TAGAGTAGCA[229:6D]GGTTC	1.0	0.0014245014245014246
AACTA[131:109D]GTAGT	1.0	0.0014245014245014246
CCTGA[125:1D]AACTA	1.0	0.0014245014245014246
AGGAG[211:26D]TTCGT	2.0	0.002849002849002849
CCCGC[173:1I]TGATCA	1.0	0.0014245014245014246
ACAAT[166:13D]CCGTG	1.0	0.0014245014245014246
ACGCG[111:2D]AAAAT	1.0	0.0014245014245014246
ATCTC[96:18D]AAATG	1.0	0.0014245014245014246
CCGAC[114:4I]CGAGAAATG	1.0	0.0014245014245014246
CCTTT[114:24D]GTACG	1.0	0.0014245014245014246
TACGC[110:19D]TAAGC	1.0	0.0014245014245014246
TAGCA[213:10D]GGAGG	4.0	0.005698005698005698
TCGCA[92:23D]AATGG	1.0	0.0014245014245014246
TGTAC[108:4D]AAAAA	1.0	0.0014245014245014246
ACGAT[166:54D]CACGG	1.0	0.0014245014245014246
CGTGG[225:12D]TTCGT	1.0	0.0014245014245014246
GGTCA[159:63D]CGGAT	1.0	0.0014245014245014246
CCATG[151:37D]AACAT	1.0	0.0014245014245014246
GATAT[168:16I]GACCCTGGTTATGAACCTCTG	1.0	0.0014245014245014246
GATGT[168:1D]TCTGG	5.0	0.007122507122507123
GGGTC[158:28D]CGAAC	2.0	0.002849002849002849
AAAAA[117:1D]GCCAA	1.0	0.0014245014245014246
AAAAA[117:1I]ATGGCCTGGCC[122:101D]GGAGG	1.0	0.0014245014245014246
ACAAA[117:11D]CTAAG	1.0	0.0014245014245014246
ACAAC[118:3I]TAAGGCCT	1.0	0.0014245014245014246
ACAAC[118:8I]TAAGCTACGGCCT	1.0	0.0014245014245014246
ACCGA[189:85D]TGCAG	1.0	0.0014245014245014246
AGCAG[205:19D]GAGGA	1.0	0.0014245014245014246
AGCAG[208:14D]CGGAG	5.0	0.007122507122507123
AGCAG[208:17D]AGGAC	1.0	0.0014245014245014246
AGCAG[208:36D]TCACT	3.0	0.004273504273504274
AGCAG[211:16D]GACAA	1.0	0.0014245014245014246
AGCTA[214:29D]GTCAC	3.0	0.004273504273504274
AGGAG[211:8D]TAGCAGTAGC[223:1I]AGGAGG	1.0	0.0014245014245014246
ATGCG[222:5D]GACAA	1.0	0.0014245014245014246
ATGCT[55:90D]GCCAT	1.0	0.0014245014245014246
ATGTG[222:3D]ACTAC	1.0	0.0014245014245014246
ATTAT[218:10D]ACAAT	1.0	0.0014245014245014246
ATTAT[218:3D]GCGGA	1.0	0.0014245014245014246
ATTCG[222:10D]TCCGG	1.0	0.0014245014245014246
ATTCG[222:12I]TAGCTATTAATTCGTAG	1.0	0.0014245014245014246
ATTCG[222:15D]TTCGT	3.0	0.004273504273504274
ATTCG[222:18D]GTAGT	2.0	0.002849002849002849
ATTCG[222:22D]TCACT	2.0	0.002849002849002849
ATTCG[222:26I]GTTAATAGCTATTAATTCGGTTAATTCGGAG	1.0	0.0014245014245014246
ATTCG[222:2I]AGCGGAG	5.0	0.007122507122507123
ATTCG[222:2I]GTCGGAG	1.0	0.0014245014245014246
ATTCG[222:2I]TACGGAG	1.0	0.0014245014245014246
ATTCG[222:2I]TTCGGAG	1.0	0.0014245014245014246
ATTCG[222:3I]GTTCGTAG	2.0	0.002849002849002849
ATTCG[222:5D]GTTAA	1.0	0.0014245014245014246
ATTCG[222:6D]ACACT	1.0	0.0014245014245014246
ATTCG[222:7I]AAATGGCCTGACTAAGC[235:3I]TACGGCAC	1.0	0.0014245014245014246
CAAAA[116:1D]TGGCC	4.0	0.005698005698005698
CAACT[118:7I]TAGTTGTGGCCT	1.0	0.0014245014245014246
CATGG[200:24D]GAGGA	2.0	0.002849002849002849
CCGAA[114:100D]TTAAT	1.0	0.0014245014245014246
CCGAA[114:101D]TAATT	1.0	0.0014245014245014246
CCGAA[114:104D]TTCGC	1.0	0.0014245014245014246
CCGAA[114:107D]GCGGA	1.0	0.0014245014245014246
CCGAA[114:1I]GAAATG	2.0	0.002849002849002849
CCGAA[114:2I]TAAAATG	2.0	0.002849002849002849
CCGAA[114:35D]TGTTG	1.0	0.0014245014245014246
CCGAA[114:3D]TGGCG	1.0	0.0014245014245014246
CCGAA[114:5D]GTCTG	1.0	0.0014245014245014246
CCGAA[114:7I]GACGTACAAATG	1.0	0.0014245014245014246
CCTGA[114:14I]CAACTAAGGCGTACAAATG	1.0	0.0014245014245014246
CGAAT[115:14D]TAAGC	1.0	0.0014245014245014246
CGAGA[115:6I]TGCGACAAAGG	1.0	0.0014245014245014246
CGCAT[93:34D]ACTAA	1.0	0.0014245014245014246
CGCTG[146:82D]ACAAT	1.0	0.0014245014245014246
CGGTC[100:123D]GGAGG	1.0	0.0014245014245014246
CGGTC[100:27D]ACTAA	3.0	0.004273504273504274
CTAAG[133:94D]GACAA	1.0	0.0014245014245014246
CTACT[222:24I]ACTAGTAGTAGCTAGCTACTACTACGGAG	1.0	0.0014245014245014246
CTATT[216:11D]GACAA	1.0	0.0014245014245014246
CTATT[216:16D]TGCGG	2.0	0.002849002849002849
CTATT[216:21D]TTCGT	1.0	0.0014245014245014246
CTCGG[98:127D]AGGAC	1.0	0.0014245014245014246
CTTTG[105:68D]GGTCA	1.0	0.0014245014245014246
CTTTT[105:8D]AAAAT	1.0	0.0014245014245014246
GAAAA[116:9D]CAACT	1.0	0.0014245014245014246
GAAAC[116:116D]TGCGG	1.0	0.0014245014245014246
GAACA[192:34D]GGACA	1.0	0.0014245014245014246
GAAGA[116:11I]CCCCTCTGCAGATGGCGCTTG[124:3I]GTGAGAAC	1.0	0.0014245014245014246
GACAA[116:9D]CAACT	1.0	0.0014245014245014246
GACAA[118:9I]CTAAGCTACGGCACGCACG[124:14I]CTGACAACTAAGCTACAAC	1.0	0.0014245014245014246
GACCG[188:39D]GACAA	1.0	0.0014245014245014246
GAGCT[213:11D]GAGGA	3.0	0.004273504273504274
GAGTA[204:25D]CAATG	2.0	0.002849002849002849
GATCT[222:5D]GTCTC	1.0	0.0014245014245014246
GCCGA[113:134D]CTGTC	1.0	0.0014245014245014246
GGAAC[212:10D]CGGAG	1.0	0.0014245014245014246
GGAGC[212:12D]GAGGA	1.0	0.0014245014245014246
GGAGC[212:13D]AGGAC	1.0	0.0014245014245014246
GGAGG[212:5D]AGTAGGTAGC[223:1I]AGGAGG	1.0	0.0014245014245014246
GGAGT[223:1I]AGGAGG	1.0	0.0014245014245014246
GGTCC[101:125D]GGACA	1.0	0.0014245014245014246
GTAGC[206:21D]GACAA	1.0	0.0014245014245014246
GTCCT[102:16D]GGCCT	3.0	0.004273504273504274
GTCCT[102:17D]GCCTG	1.0	0.0014245014245014246
GTTGT[109:8D]TGGCC	1.0	0.0014245014245014246
TAACG[164:10I]GCACGCTGCCATGTTCATGT[168:1D]TCTGG	1.0	0.0014245014245014246
TAATT[220:10D]AATGC	4.0	0.005698005698005698
TAATT[220:24D]TCACT	1.0	0.0014245014245014246
TATTG[217:2D]TCACG	1.0	0.0014245014245014246
TCATC[161:61D]CGGAG	1.0	0.0014245014245014246
TCGCG[224:4D]ACAAT	1.0	0.0014245014245014246
TGGAG[202:27D]CAATG	1.0	0.0014245014245014246
TGGCC[122:101D]GGAGG	1.0	0.0014245014245014246
TGGCG[87:33D]CCTGA	1.0	0.0014245014245014246
TTAAA[219:3D]CGGAG	1.0	0.0014245014245014246
TTAAC[219:3D]CGCAG	1.0	0.0014245014245014246
TTCGC[223:2D]AGGAC	1.0	0.0014245014245014246
TTCGC[223:2I]ACGGAGG	1.0	0.0014245014245014246
TTCGC[223:2I]CCGGAGG	1.0	0.0014245014245014246
TTGGC[86:35D]CTGAC	4.0	0.005698005698005698
TTGTA[107:110D]ATTCG	1.0	0.0014245014245014246
TTGTA[107:11D]GGCCT	1.0	0.0014245014245014246
AACGG[165:3D]CTCTG	1.0	0.0014245014245014246
ACGCT[145:74D]TCGCG	1.0	0.0014245014245014246
ATGGT[169:15I]CATAACGATGTTCGGTCTGG	1.0	0.0014245014245014246
ATGTT[153:26D]CCGTG	5.0	0.007122507122507123
ATGTT[171:10I]ATGTTCATGTTGGTT	1.0	0.0014245014245014246
ATTAA[218:8D]GGACA	1.0	0.0014245014245014246
GAGTA[204:27D]ATGCG	2.0	0.002849002849002849
GATAT[168:30D]GGAGT	2.0	0.002849002849002849
TAACG[164:28D]TGTCA	2.0	0.002849002849002849
TACGC[110:4D]AAATG	3.0	0.004273504273504274
TATGT[170:1D]TCGTT	1.0	0.0014245014245014246
GTCAC[160:12D]GGTTC	3.0	0.004273504273504274
TAACG[164:60D]GAGGA	8.0	0.011396011396011397
ATATA[169:15D]ACCGA	1.0	0.0014245014245014246
CCATG[151:74D]AGGAC	1.0	0.0014245014245014246
GGGTC[158:23D]GTGAC	4.0	0.005698005698005698
TGTAC[108:2D]CGAGCACCGA[113:6D]GCCTG	1.0	0.0014245014245014246
CCTGA[114:3D]TGGCC	2.0	0.002849002849002849
TGACC[169:36I]GAACATGTCATGGAGTAGCAGGAGCTATTAATTCGCTCTGG	1.0	0.0014245014245014246
CGAAC[115:1I]TAATGG	1.0	0.0014245014245014246
AACGA[165:74D]CGTAG	1.0	0.0014245014245014246
CGAAA[115:2D]TGGCCTGACA[127:51D]TCCGT	1.0	0.0014245014245014246
GATAT[168:4I]GACCCTCTG	4.0	0.005698005698005698
GGTCA[159:7D]ATCTC	1.0	0.0014245014245014246
TGACA[149:11D]AACGGAAACG[164:9D]GTTCA	1.0	0.0014245014245014246
TGACC[169:2I]CATCTGG	1.0	0.0014245014245014246
TGTTA[154:68D]CGGAG	1.0	0.0014245014245014246
ATTAA[218:25D]GTCAC	1.0	0.0014245014245014246
TTCGC[223:1I]TGGAGG	2.0	0.002849002849002849
CATGT[170:5I]TGGGTCTGGT	1.0	0.0014245014245014246
GATAT[168:4D]GATTC	1.0	0.0014245014245014246
ATGGA[201:28D]CAATG	1.0	0.0014245014245014246
CAACT[118:11I]CGGTCCTTTGTGGCCT	1.0	0.0014245014245014246
CATCC[181:41D]CGGAG	1.0	0.0014245014245014246
CCCAA[172:4D]CATCC	1.0	0.0014245014245014246
CCGAA[114:105D]TCGCG	1.0	0.0014245014245014246
GATAT[168:14D]TGACC	4.0	0.005698005698005698
GATAT[168:4D]GGTTCCATCC[181:41D]CGGAG	1.0	0.0014245014245014246
AGCAG[208:26D]CGGTT	1.0	0.0014245014245014246
ATCTC[96:75D]TGGTT	2.0	0.002849002849002849
CGGTC[100:91D]ATGTC	1.0	0.0014245014245014246
CTTGG[85:70D]GTCAT	3.0	0.004273504273504274
TATTA[217:26D]GTCAC	3.0	0.004273504273504274
TGACA[127:70D]TGGAG	1.0	0.0014245014245014246
AACTC[119:8D]ACTAA	1.0	0.0014245014245014246
TCGCA[92:22D]AAATG	1.0	0.0014245014245014246
TGGAG[202:9D]CTATTATTCG[222:2D]GAGGA	1.0	0.0014245014245014246
AACGA[165:61D]GGACA	1.0	0.0014245014245014246
AACTA[117:7I]AGTTGTATGGCC	1.0	0.0014245014245014246
ATAAC[163:3D]ATGGT	1.0	0.0014245014245014246
CATCG[95:126D]GCGGA	1.0	0.0014245014245014246
CATGT[170:1D]TGGGT	2.0	0.002849002849002849
CGAAT[115:4D]GCCTG	1.0	0.0014245014245014246
CGATA[115:13D]CTAAG	1.0	0.0014245014245014246
CTGCC[148:35D]GACCG	1.0	0.0014245014245014246
CTTTG[105:68D]GTTCA	1.0	0.0014245014245014246
GATAT[168:118D]AGAGG	1.0	0.0014245014245014246
GATAT[168:24D]TGTCA	1.0	0.0014245014245014246
GGGTC[158:37D]CATGG	1.0	0.0014245014245014246
GGTCA[159:9D]CTCTG	5.0	0.007122507122507123
GTTGG[155:45D]AGTAG	1.0	0.0014245014245014246
TAACG[164:4I]GGTCATGTTCATGT[168:1D]TCTGG	1.0	0.0014245014245014246
TATGA[170:1D]TGGTT	1.0	0.0014245014245014246
TCGGT[99:84D]GACCG	1.0	0.0014245014245014246
TGGCG[87:46D]CTACG	2.0	0.002849002849002849
TTGGG[156:28D]ACCGA	2.0	0.002849002849002849
ACGCC[111:16D]ACTAA	1.0	0.0014245014245014246
GTTGG[155:25D]CGTGA	1.0	0.0014245014245014246
TAACA[164:5D]TCTGG	1.0	0.0014245014245014246
ACGAT[166:3I]GCCATGTC	1.0	0.0014245014245014246
GTCAT[160:59D]TCGCG	1.0	0.0014245014245014246
CTGCC[148:59D]GGAGC	1.0	0.0014245014245014246
GATTC[40:64D]GTACG	1.0	0.0014245014245014246
CGGTC[100:15D]AATGG	1.0	0.0014245014245014246
ACGCC[111:163D]TGCAG	1.0	0.0014245014245014246
ATAAC[163:4I]ATGGGTCAT	1.0	0.0014245014245014246
CGCCC[112:11D]GACAA	1.0	0.0014245014245014246
GAGCT[213:10D]GGAGG	2.0	0.002849002849002849
GCTGC[147:35D]TGACC	1.0	0.0014245014245014246
TGTCG[164:8D]GGTTC	1.0	0.0014245014245014246
GCTGC[147:88D]GGTTC	1.0	0.0014245014245014246
GATCC[181:8D]ACAGA	1.0	0.0014245014245014246
TACTA[110:14I]GCTTGTAGCACCATCCAAA	1.0	0.0014245014245014246
CGCTG[146:21D]TCTCT	2.0	0.002849002849002849
TAACG[164:7D]TGGGT	1.0	0.0014245014245014246
TCATA[161:31D]TGTCA	1.0	0.0014245014245014246
CGATA[167:69D]GTTCG	1.0	0.0014245014245014246
GCTAT[215:10D]AGGAC	4.0	0.005698005698005698
ATGAC[171:1I]CTGGTT	1.0	0.0014245014245014246
CCGAA[114:30D]TGCCA	1.0	0.0014245014245014246
ACGAC[166:5I]CCAACATGTTCATGT[170:1D]TGGTT	1.0	0.0014245014245014246
ACGCT[166:4I]GCCCATATC	1.0	0.0014245014245014246
ACTTC[111:3D]AAATG	1.0	0.0014245014245014246
ATAAC[163:1D]ATGTTCATGT[168:3D]TGGGT	1.0	0.0014245014245014246
ATACC[169:4I]CAACTCTGG	1.0	0.0014245014245014246
ATATC[169:2I]CCTCTGG	2.0	0.002849002849002849
ATATC[169:4D]GTTCA	2.0	0.002849002849002849
ATATC[169:86I]CGCTGCCAGCCCCGGAGTACGAGGAAAATGCTACTTTTGTCTCCTGCTCTCATCTGGCACTGGCTGCCCGGGGAGGGGGGGCAGTCTCTGG	1.0	0.0014245014245014246
ATTGG[171:23I]GTTATCGTTATGTTGGGTCATGTTGGTT	1.0	0.0014245014245014246
CATAA[162:7D]TCTGG	1.0	0.0014245014245014246
CATAC[162:16D]TCCGT	1.0	0.0014245014245014246
CATCT[95:40D]ACGGC	1.0	0.0014245014245014246
CCCAA[171:2I]CATGGTT	1.0	0.0014245014245014246
CGACA[115:2D]TGGCC	1.0	0.0014245014245014246
CGTGA[167:7I]CCAACGGTCTCT	1.0	0.0014245014245014246
GATAT[168:14I]GACCACGATATGAACTCTG	1.0	0.0014245014245014246
GATAT[168:16D]ACCGA	1.0	0.0014245014245014246
GCACG[143:40D]GACCG	1.0	0.0014245014245014246
GCCAT[150:26D]CATCC	1.0	0.0014245014245014246
GTCAT[160:8D]CCGTG	2.0	0.002849002849002849
GTTGG[155:21D]CATCC	1.0	0.0014245014245014246
TAACG[164:19D]GACCG	1.0	0.0014245014245014246
TAACG[164:9I]TTCATGTTCATGTTCATGT[168:1D]TCTGG	1.0	0.0014245014245014246
TACCT[170:28I]AAAGGATCTGGTATCGTTTAGGTATCATCTGGT	1.0	0.0014245014245014246
TTGGG[166:1D]TCTCT	1.0	0.0014245014245014246
AACGA[165:25D]CATGT	8.0	0.011396011396011397
GGAGT[203:18D]GCGGA	1.0	0.0014245014245014246
GATAT[168:25D]GACAT	1.0	0.0014245014245014246
AGGAG[211:55D]ATCGC	1.0	0.0014245014245014246
ACGAT[166:32D]GGAGT	1.0	0.0014245014245014246
AGGAG[211:13D]GAGGA	2.0	0.002849002849002849
ATATA[169:41I]AATGGCCTGACAACTAAGCTACGGCACGCTGCCATGTTGGGTCTGG	1.0	0.0014245014245014246
ATGAC[163:6D]TCTGG	1.0	0.0014245014245014246
ATGTT[153:44D]TGGAG	1.0	0.0014245014245014246
ATTCG[222:55I]TCTCTGGTTCATCCGTGACCGAACATGTCATGGAGTAGCAGGAGCTATTAATTCGCGGAG	1.0	0.0014245014245014246
CCGAA[114:110D]GAGGA	1.0	0.0014245014245014246
CCGAA[114:11I]CAAAGGCGTACAAATG	1.0	0.0014245014245014246
CGGTC[158:10D]CTCTG	2.0	0.002849002849002849
GATAT[168:55D]GGAGG	1.0	0.0014245014245014246
GGACT[212:16D]ACTAT	1.0	0.0014245014245014246
GGTCA[159:26D]CCGAA	3.0	0.004273504273504274
GTACA[109:42D]TTCGG	1.0	0.0014245014245014246
TGGGT[157:14D]TGGGTGGTCA[178:4I]CATGTCCGT	1.0	0.0014245014245014246
TTCGA[223:7D]AATGC	1.0	0.0014245014245014246
GCAAA[116:1D]TGGCC	1.0	0.0014245014245014246
AGTAG[205:39D]TCACT	1.0	0.0014245014245014246
ATTAA[218:3D]GCGGA	1.0	0.0014245014245014246
TGGCG[87:92D]CCGTG	1.0	0.0014245014245014246
CATGT[152:20D]GGTTC	3.0	0.004273504273504274
GTCAT[160:38D]GGAGT	1.0	0.0014245014245014246
TAACA[164:11D]TGTTC	1.0	0.0014245014245014246
CTCGC[98:15D]AAAAT	1.0	0.0014245014245014246
GCCGA[113:113D]GGACA	2.0	0.002849002849002849
GGAGT[203:61D]CCATC	1.0	0.0014245014245014246
CTCGG[98:41D]CACGC	2.0	0.002849002849002849
GCACT[94:25D]GCCTG	1.0	0.0014245014245014246
GGAGT[203:48D]CTTCC	1.0	0.0014245014245014246
ACGCT[166:3I]GCCATGTTCATGT[170:1D]TGGTT	2.0	0.002849002849002849
AGTGT[81:35D]ATGGC	1.0	0.0014245014245014246
CATGT[152:34D]CGAAC	1.0	0.0014245014245014246
GATAT[168:8I]GATATGAACTCTG	1.0	0.0014245014245014246
TATTT[170:27D]TGGAG	1.0	0.0014245014245014246
TGTAC[108:16D]ACAAC	1.0	0.0014245014245014246
TGTTC[154:12D]ATCCG	1.0	0.0014245014245014246
AGCTA[214:17D]ATGCG	2.0	0.002849002849002849
AGGAG[211:39D]TCTTC	2.0	0.002849002849002849
ATTCG[222:6I]GTTAATCGGAG	1.0	0.0014245014245014246
CCTTC[104:10D]AAATG	1.0	0.0014245014245014246
GAGCT[213:26D]CGTAG	1.0	0.0014245014245014246
GCTAC[215:7D]CGGAG	1.0	0.0014245014245014246
GTCCT[102:29D]AGCTA	1.0	0.0014245014245014246
GTGAC[186:38D]GAGGA	1.0	0.0014245014245014246
TAACG[164:4I]TGCCATGTTCATGT[168:3D]TGGTT	1.0	0.0014245014245014246
TCGAG[224:1D]AGGAC	1.0	0.0014245014245014246
TGTCA[197:25D]CGGAG	1.0	0.0014245014245014246
TTAAT[219:49D]CGCTC	1.0	0.0014245014245014246
TTAAT[219:4D]GGAGG	1.0	0.0014245014245014246
TTAGT[106:11D]TGTCCGTCCT[123:2I]TTGACAA	1.0	0.0014245014245014246
TTCGC[223:48D]TCCTG	3.0	0.004273504273504274
AATAC[221:1D]CGGAG	1.0	0.0014245014245014246
TCCTG[224:16I]CTACATGGAGTAGCAGGAGGA	1.0	0.0014245014245014246
TTCGC[223:9D]TCCGG	1.0	0.0014245014245014246
GATGT[168:1D]TATGG	1.0	0.0014245014245014246
TCCCG[164:7D]TGGTT	1.0	0.0014245014245014246
GTTGT[155:19D]TTCAT	2.0	0.002849002849002849
ACGAT[166:27D]GTCAT	2.0	0.002849002849002849
CATGT[162:7D]TCTGG	3.0	0.004273504273504274
ATGAC[171:4I]CATATCGTT	2.0	0.002849002849002849
CAACT[95:21D]ATGGC	1.0	0.0014245014245014246
CCCAA[175:1D]CATCC	1.0	0.0014245014245014246
CTGCC[169:4I]ATGTTCTGG	1.0	0.0014245014245014246
GACAA[116:15I]CTAAGCCTGACAACTATGGC	2.0	0.002849002849002849
GATAT[168:21D]ACATG	1.0	0.0014245014245014246
GTCAT[160:13D]GTTCA	6.0	0.008547008547008548
ATATG[169:23I]GTTCATAACGATATGGTCACGGATATGG	1.0	0.0014245014245014246
GATAT[168:2I]GGCTCTG	1.0	0.0014245014245014246
GGGTG[158:4D]CCATGCATGT[168:3D]TGGTT	1.0	0.0014245014245014246
GTTCG[173:4I]ACATGTTCA	1.0	0.0014245014245014246
TAACG[164:7I]TGACCGAACATG	1.0	0.0014245014245014246
TCGGA[224:6D]AATGC	1.0	0.0014245014245014246
TTTCT[170:2D]GGTTC	1.0	0.0014245014245014246
CAATA[225:1I]CAATAC	1.0	0.0014245014245014246
CTGAC[126:60D]CGAAC	5.0	0.007122507122507123
AAAAA[117:1I]ATGGCCCTGAC[126:60D]CGAAC	2.0	0.002849002849002849
TGGGT[157:20D]ATCCG	1.0	0.0014245014245014246
GGAGC[212:13D]AGGAGCAGGA[229:7D]GCTAC	1.0	0.0014245014245014246
AACGA[165:19D]ACCGA	1.0	0.0014245014245014246
AAGCT[135:35D]CTGGT	1.0	0.0014245014245014246
AGTAG[205:18D]GGAGG	1.0	0.0014245014245014246
ATAAC[163:3I]ATGGTCATATGTT[176:5D]GGGAC	1.0	0.0014245014245014246
ATATC[169:1D]CTGGT	1.0	0.0014245014245014246
ATTCG[222:2D]GAGCTGGAGC[228:9I]TATTAATTAACAAT	1.0	0.0014245014245014246
CCATG[151:28D]CCGTG	1.0	0.0014245014245014246
CCGAA[175:1D]CATCC	1.0	0.0014245014245014246
TGCCA[149:24D]GTTCA	2.0	0.002849002849002849
TGTCA[197:34D]ATGCG	1.0	0.0014245014245014246
TTGTA[117:2D]GCCTG	1.0	0.0014245014245014246
GGTTC[177:104D]GGCCT	1.0	0.0014245014245014246
TCCTT[103:58D]ACGAT	1.0	0.0014245014245014246
AAGGT[135:41D]CATCC	1.0	0.0014245014245014246
GGCAC[142:38D]CGTGA	1.0	0.0014245014245014246
CCGAA[114:85D]GAGTA	1.0	0.0014245014245014246
ATTAA[218:29D]CTGTC	1.0	0.0014245014245014246
ACCAT[171:7I]AACGTGTTGGTT	1.0	0.0014245014245014246
ACGAT[166:11I]CCGAACCGAACATGTCATGTC[171:6D]ATCCG	1.0	0.0014245014245014246
GGAGC[212:9D]GCGGA	1.0	0.0014245014245014246
ATGTC[171:9D]CGTGA	2.0	0.002849002849002849
CGGCA[141:71D]TATTA	1.0	0.0014245014245014246
TCGGT[99:139D]TCGTA	1.0	0.0014245014245014246
GCCAT[150:16D]ATCTC	1.0	0.0014245014245014246
CTGCC[148:20D]CTCTG	1.0	0.0014245014245014246
GACAT[171:2D]GTTCA	2.0	0.002849002849002849
TGACA[127:99D]GGACA	1.0	0.0014245014245014246
ACCAT[171:2I]GTTGGTT	1.0	0.0014245014245014246
ACGAT[166:7D]GTTCA	1.0	0.0014245014245014246
CCGAA[175:4I]CATGTCATC	1.0	0.0014245014245014246
CGATA[167:10D]ATCCG	2.0	0.002849002849002849
GACAA[117:7I]CTTTGTATGGCC	1.0	0.0014245014245014246
TAACA[164:17I]TGGCATGTTGGTTCATAACATGCATGT[170:1D]TGGTT	1.0	0.0014245014245014246
TATTA[172:1I]AGGTTC	1.0	0.0014245014245014246
AGCTA[214:2D]AATTCATTCG[222:2D]GAGGA	1.0	0.0014245014245014246
AGGTC[117:5I]CTTTGTGGCC	1.0	0.0014245014245014246
ATTCG[222:21D]GTCAC	2.0	0.002849002849002849
CATCT[95:23D]GGCCT	1.0	0.0014245014245014246
TACGC[110:24D]TACGG	3.0	0.004273504273504274
TCGGG[99:28D]ACTAA	1.0	0.0014245014245014246
TGAAC[212:10D]CGGAG	1.0	0.0014245014245014246
GATAT[168:31I]GGTTCATCCGTATCGATATGGTTCATCCGGACTCTG	1.0	0.0014245014245014246
AGCTA[214:26D]GTAGT	1.0	0.0014245014245014246
CATGG[200:27D]GACAA	1.0	0.0014245014245014246
GCTAC[137:49D]CGAAC	1.0	0.0014245014245014246
AGCTT[220:134I]GCCAGGTCTATCTTGGCAGGAAAGCCTCGGTTCCCAAGATAACCTGTTTTGTGCCTCTCTGATTACAACCTGACTGCAACCCTGCATTGTTCTTGGTGAGCAGTGAGCAGCTATCACTGCACAAGGTGACCAAACTCTG	1.0	0.0014245014245014246
AGTAA[51:81D]GCTAC	1.0	0.0014245014245014246
CCTCT[112:9D]CTGAT	1.0	0.0014245014245014246
TTGTT[153:17D]CTTGG	1.0	0.0014245014245014246
ATGTC[171:19I]ACGGATGAACGATATGTTCTGGTT	1.0	0.0014245014245014246
CCGAC[114:54D]CTCTG	1.0	0.0014245014245014246
GATAT[168:4D]GGTCATGGTC[176:1I]ACATCC	1.0	0.0014245014245014246
GCACG[143:120D]TCCAT	1.0	0.0014245014245014246
TTAAT[219:10D]CAATG	1.0	0.0014245014245014246
GATAT[168:15D]GATCC	1.0	0.0014245014245014246
GTACT[65:58D]GACAA	1.0	0.0014245014245014246
TATTA[217:6D]GGAGG	1.0	0.0014245014245014246
ATTAG[222:2D]GAGGA	4.0	0.005698005698005698
CCGAA[114:42D]TCATA	1.0	0.0014245014245014246
CGAAA[115:131I]CTGGAAACTGCACAAATAGGGTGTTTCAAATCTGCTCTGTCTAAAGGAAGGTTCCACTCTGTGAGTTGAATACACACACCACAAATAAGTTACTGAGTATTCTTCTGTCGAACATTACTTGAAGAAATCCAAATGG	1.0	0.0014245014245014246
GATTC[168:4D]GGTTC	1.0	0.0014245014245014246
CCTTT[104:9D]AAAAT	2.0	0.002849002849002849
AACGA[165:14D]CCGTG	11.0	0.01566951566951567
CGGTC[100:34D]TACGG	2.0	0.002849002849002849
ACGAT[166:46D]TATTA	1.0	0.0014245014245014246
ATAGT[118:31D]TGTCG	1.0	0.0014245014245014246
ATGTT[153:14D]TCTCT	2.0	0.002849002849002849
ATTCG[222:1D]GGAGGGGACA[231:16D]CTGTC	1.0	0.0014245014245014246
CCGAA[114:5I]CAACTAAATG	1.0	0.0014245014245014246
CGAAA[115:34D]TGTTG	1.0	0.0014245014245014246
CGAGC[225:2I]TAAGCAC	1.0	0.0014245014245014246
GAAGC[116:25D]CGCTG	1.0	0.0014245014245014246
GACAT[168:3I]AAGCTCTG	1.0	0.0014245014245014246
GATAT[168:44D]TATTA	2.0	0.002849002849002849
GTTGG[171:4I]GTCATGGTT	1.0	0.0014245014245014246
TACGC[110:71D]GTGAC	1.0	0.0014245014245014246
TATCT[170:1I]TCTGGT	1.0	0.0014245014245014246
TTAAT[219:3D]CGGAG	4.0	0.005698005698005698
CATGT[152:25D]ATCCG	2.0	0.002849002849002849
GGTCA[159:11D]CTGGT	1.0	0.0014245014245014246
GTTGA[155:13D]CTCTG	1.0	0.0014245014245014246
GTGAC[186:44D]AATGC	2.0	0.002849002849002849
TCACG[199:26D]AGGAC	1.0	0.0014245014245014246
ATAAC[163:3I]ATGGATGCTGCCA[170:2I]TGCTGGT	1.0	0.0014245014245014246
GATAT[168:4D]GGCTC	1.0	0.0014245014245014246
TAATT[220:4D]GAGGA	1.0	0.0014245014245014246
TCATA[161:12D]GTTCA	1.0	0.0014245014245014246
TCATG[224:29I]TCATGACCGAACATGTCATGGAGTAGCAGGAGGA	1.0	0.0014245014245014246
AACAT[166:7I]GTTGAACATGTTCATGT[170:1D]TGGTT	1.0	0.0014245014245014246
ATAAC[163:8D]TGGTT	3.0	0.004273504273504274
CGATA[167:1I]CTCTCT	1.0	0.0014245014245014246
CGATA[167:23D]CATGT	1.0	0.0014245014245014246
CGTAC[64:116D]CGTGA	1.0	0.0014245014245014246
GAGCT[213:59D]CCTGC	1.0	0.0014245014245014246
CTCAC[68:101D]TCTGG	1.0	0.0014245014245014246
GATAT[168:63D]ATGCG	1.0	0.0014245014245014246
ATTCG[222:26D]TGTCT	1.0	0.0014245014245014246
TGTAG[224:39I]AGGACAATGTAGAGTATTAATTGTAGAGTATTAATTGTAGAGGA	1.0	0.0014245014245014246
TATGC[110:12D]TGACA	1.0	0.0014245014245014246
ATGAA[171:2I]CATGGTT	1.0	0.0014245014245014246
GCACG[143:46D]ACATG	1.0	0.0014245014245014246
AGAAT[118:2D]CTTGC	1.0	0.0014245014245014246
CCATG[173:3I]TTGGTTCA	1.0	0.0014245014245014246
CGAAT[115:10D]CAACT	1.0	0.0014245014245014246
CGCTG[146:36D]TGACC	1.0	0.0014245014245014246
GCCGA[113:19D]GCTAC	2.0	0.002849002849002849
GTAGC[116:8I]TTAGTTGTATGGC	1.0	0.0014245014245014246
TCTTT[103:15D]GGCCT	1.0	0.0014245014245014246
TGACC[169:3I]AACTCTGG	1.0	0.0014245014245014246
AACAT[193:75D]CGCTC	2.0	0.002849002849002849
ACGAT[166:1I]GAGCTC	1.0	0.0014245014245014246
ATTCG[222:18D]GAAGT	1.0	0.0014245014245014246
GTCAT[160:21D]GTTGC	1.0	0.0014245014245014246
ATATC[169:6I]GATATCTCTGG	2.0	0.002849002849002849
ATGAC[171:20I]CGAACATGTTCATCCGAACATGGTT	1.0	0.0014245014245014246
GACCC[173:17I]AATCCGTGACCGAACATGTTCA	1.0	0.0014245014245014246
ACGAC[166:2I]CCATGTTCATGT[170:1D]TGGTT	2.0	0.002849002849002849
AGTGC[81:40D]CTGAC	1.0	0.0014245014245014246
GAACA[168:3D]TGGTT	1.0	0.0014245014245014246
TTCGG[173:21D]TCACG	1.0	0.0014245014245014246
TTAAT[219:5D]GACTA	1.0	0.0014245014245014246
ACCTT[111:6D]TGGCC	1.0	0.0014245014245014246
ATTCG[222:11I]AAGGATTAATTCGGAG	1.0	0.0014245014245014246
CGAGA[113:4D]TGGCC	2.0	0.002849002849002849
CGCTG[146:48D]TCATG	2.0	0.002849002849002849
GGTCA[159:45D]GCAGG	1.0	0.0014245014245014246
CTTTG[115:2D]TGGCC	5.0	0.007122507122507123
TGGAG[227:9I]TAGCAGGAGGACAA	2.0	0.002849002849002849
TTAAT[219:26D]CACTG	1.0	0.0014245014245014246
CAATG[228:21I]CGGTTCGTAGTCACAAAAGCTACAAT	1.0	0.0014245014245014246
TGAAC[212:4D]ATGTC	1.0	0.0014245014245014246
TTAAC[219:3D]CGGAG	1.0	0.0014245014245014246
AAGCT[123:1D]ACAAC	1.0	0.0014245014245014246
ATTAA[218:11D]CAATG	2.0	0.002849002849002849
CATAA[162:10D]GGTTC	1.0	0.0014245014245014246
GACAA[117:13I]CTAAGGTCCTTTGTGGCC	1.0	0.0014245014245014246
GTCGC[91:180D]TCCTG	1.0	0.0014245014245014246
TAACT[164:11I]CCCAACATGACATAACAACTC[171:17I]CCAACACGCTGCCATGTTGGGTTCATA[180:8I]ACTCCCAACATGA	1.0	0.0014245014245014246
TATAT[170:13D]GACCG	1.0	0.0014245014245014246
TCCTT[103:28D]AGCTA	2.0	0.002849002849002849
TTATG[174:3I]ATGTTCAT	1.0	0.0014245014245014246
ATGTC[196:56D]TTCCG	1.0	0.0014245014245014246
CATGT[152:36D]AACAT	1.0	0.0014245014245014246
CGAAG[115:29D]TGCCA	1.0	0.0014245014245014246
GCTGC[147:111D]AATCG	1.0	0.0014245014245014246
AACGA[165:19D]ACATG	1.0	0.0014245014245014246
AACTA[131:101D]TGCGG	1.0	0.0014245014245014246
ACGAC[166:2D]CCATG	1.0	0.0014245014245014246
GATAT[168:4D]GGTTCGGTTC[177:3D]CGTGA	1.0	0.0014245014245014246
TTCGA[223:5D]ACTAT	1.0	0.0014245014245014246
ACCAA[166:10D]CATCC	1.0	0.0014245014245014246
ATATC[169:4I]ACTTTCTCCAATCC[181:9I]AGAAACCATGGTAA	1.0	0.0014245014245014246
CCATC[171:9I]CGTGACCGATGGTT	1.0	0.0014245014245014246
CCGAA[114:83D]TGGAG	1.0	0.0014245014245014246
CGAAT[115:11I]GCGTACAGCCGAATGCGAATG[119:1D]CCTGA	1.0	0.0014245014245014246
GATAT[168:65D]GCGGT	2.0	0.002849002849002849
TACGC[110:16D]AACTA	2.0	0.002849002849002849
TATCG[170:2I]AACATGT	1.0	0.0014245014245014246
CAAAG[118:8D]AACTA	1.0	0.0014245014245014246
AGCTA[214:2D]AGCTGGACAA[232:1D]GAGCT	1.0	0.0014245014245014246
CCAAG[78:47D]CAACT	1.0	0.0014245014245014246
CCGAA[114:3D]TGGCCGGCCT[123:1D]ACAAC	1.0	0.0014245014245014246
TGGGT[157:44D]GTAGC	1.0	0.0014245014245014246
ATATG[169:2I]GTTATGG	1.0	0.0014245014245014246
CCATG[151:30D]GTGAC	1.0	0.0014245014245014246
AGCTA[214:6D]CGCGG	1.0	0.0014245014245014246
AACGT[165:20D]CCGAA	1.0	0.0014245014245014246
ACGAT[166:1I]CATCCGTCATC[169:24I]CGTGTTTGACATATGAGTTTATGATCTGG	1.0	0.0014245014245014246
ACGAT[166:99D]CATCG	1.0	0.0014245014245014246
CCATG[151:21D]GGTTC	6.0	0.008547008547008548
CCATG[151:25D]CATCC	1.0	0.0014245014245014246
CGATA[167:14D]GTGAC	1.0	0.0014245014245014246
TTGGC[86:180D]ATCGC	1.0	0.0014245014245014246
AAATT[221:1D]CGGAG	1.0	0.0014245014245014246
GCCGA[113:28D]CGCTG	2.0	0.002849002849002849
TCATA[161:10D]TGGTT	2.0	0.002849002849002849
ACATT[194:75D]GCTTC	1.0	0.0014245014245014246
AGCTA[214:48D]GTTCA	1.0	0.0014245014245014246
CTATT[216:47D]TTCAT	1.0	0.0014245014245014246
TTATT[219:50D]GCTTC	1.0	0.0014245014245014246
TTCAT[179:40D]TCGCG	1.0	0.0014245014245014246
GGTCA[159:100D]ATCGT	4.0	0.005698005698005698
ACGAT[166:3I]GCCATGTT	1.0	0.0014245014245014246
ACGGT[166:10D]CATCC	1.0	0.0014245014245014246
CATAA[162:31D]GTCAT	1.0	0.0014245014245014246
CATGT[152:24D]CATCC	2.0	0.002849002849002849
GTACG[109:21D]AAGCT	1.0	0.0014245014245014246
GTTGC[155:40D]CATGG	1.0	0.0014245014245014246
TGTTG[154:13D]TCTCT	2.0	0.002849002849002849
ATAAC[163:7D]CTGGT	1.0	0.0014245014245014246
ATATA[169:3D]GGTTC	1.0	0.0014245014245014246
ATATG[169:1I]GTCTGG	2.0	0.002849002849002849
ATGAC[171:29I]CCAACATATCGTTGTTATATGTTATATGTTGGTT	1.0	0.0014245014245014246
ATGAC[171:8I]CGAACGGATGGTT	1.0	0.0014245014245014246
ATGGC[121:19D]ACGCT	1.0	0.0014245014245014246
ATGTC[169:11D]CGTGA	1.0	0.0014245014245014246
CCTGA[114:19D]CTACG	1.0	0.0014245014245014246
CGACC[167:1I]CTGTCT	1.0	0.0014245014245014246
CTGCC[148:14D]CGATA	1.0	0.0014245014245014246
GATAT[168:54I]AAATGGCCTGACAACTAAGCTACGGCACGCTGCCATGTTGGGTCATAACGATATCTCTG	2.0	0.002849002849002849
GATGT[118:6D]ACAAC	1.0	0.0014245014245014246
GGTCC[159:11D]CTGGT	1.0	0.0014245014245014246
GTTAT[168:25D]GTCAT	1.0	0.0014245014245014246
TAACG[164:29D]GTCAT	1.0	0.0014245014245014246
TCAAA[163:5D]CTCTG	1.0	0.0014245014245014246
TCATA[161:20D]GTGAC	2.0	0.002849002849002849
AATAG[222:2D]GAGGA	1.0	0.0014245014245014246
AGAAA[167:1I]ATATAA	1.0	0.0014245014245014246
ATATT[169:1I]ATATGG	2.0	0.002849002849002849
ATATT[169:1I]ATCTGG	4.0	0.005698005698005698
ATTAG[222:4D]GGACA	1.0	0.0014245014245014246
CAATT[216:8D]GAGGA	2.0	0.002849002849002849
CCAAA[115:3D]GGCCA	1.0	0.0014245014245014246
GATTT[217:7D]GGGGA	1.0	0.0014245014245014246
GCCGA[113:12D]CAACA	1.0	0.0014245014245014246
TCGCA[92:35D]ACTAA	1.0	0.0014245014245014246
ATTAG[222:19D]TAGTA	1.0	0.0014245014245014246
ATTAG[222:2I]TTCGGAG	1.0	0.0014245014245014246
CTATT[216:7D]GGAGG	1.0	0.0014245014245014246
CTATT[216:8D]GAGGA	1.0	0.0014245014245014246
GGTAG[227:3I]TAGGACAA	1.0	0.0014245014245014246
GTACG[109:3I]AGTCCTTACCTTA[114:5D]GCCTG	1.0	0.0014245014245014246
TTTCC[75:88D]GATAT	1.0	0.0014245014245014246
TCTCG[97:173D]CTCCT	2.0	0.002849002849002849
AAATG[119:1D]CCTGA	1.0	0.0014245014245014246
GGTCC[101:76D]ATCCG	1.0	0.0014245014245014246
TAGCA[207:40D]CTGTC	2.0	0.002849002849002849
ATATC[169:18D]GAACA	2.0	0.002849002849002849
GACAA[116:5D]CTGAC	1.0	0.0014245014245014246
GGACT[203:30D]GCGGT	1.0	0.0014245014245014246
TCCTG[224:4D]ACAAT	1.0	0.0014245014245014246
TCTCG[97:19D]ATGGC	1.0	0.0014245014245014246
CAACT[118:5I]AAGTTGGCCT	1.0	0.0014245014245014246
AGCTA[214:19D]GCGGT	1.0	0.0014245014245014246
AACAA[117:10I]AAGACCTTTGTGGCC	1.0	0.0014245014245014246
AACAA[117:4I]CTGATGGCC	1.0	0.0014245014245014246
AACTA[119:14I]AGCTACGGCACGCTGCCTG	1.0	0.0014245014245014246
ACAAA[117:4I]CTAATGGCC	1.0	0.0014245014245014246
ACGAC[111:3D]AAATG	1.0	0.0014245014245014246
ACGGC[125:2D]ACTAA	1.0	0.0014245014245014246
ATCTC[96:33D]TAAGC	1.0	0.0014245014245014246
CAACT[118:8D]AACTA	1.0	0.0014245014245014246
CAACT[118:8I]AAGCTACTGGCCT	1.0	0.0014245014245014246
CAACT[118:9I]AAGCTTTGTGGCCT	1.0	0.0014245014245014246
CATCT[95:29D]ACAAC	1.0	0.0014245014245014246
CATCT[95:32D]ACTAA	1.0	0.0014245014245014246
CATCT[95:35D]AAGCT	1.0	0.0014245014245014246
CCGAA[114:2I]CCAAATG	1.0	0.0014245014245014246
CCGAA[114:4I]CACCAAATG	1.0	0.0014245014245014246
CCGAA[114:4I]TGACAAATG	1.0	0.0014245014245014246
CCGAA[114:7D]CTAAC	1.0	0.0014245014245014246
CCGAA[114:8I]GGACGTACAAATG	1.0	0.0014245014245014246
CGAGA[115:6I]TGCGACAATGG	1.0	0.0014245014245014246
CGCCT[112:3I]GACAACAA	1.0	0.0014245014245014246
CGCTC[100:18D]GGCCT	1.0	0.0014245014245014246
CGGTC[100:40D]ACGCT	1.0	0.0014245014245014246
CTCGG[98:16D]AAATG	1.0	0.0014245014245014246
GAAAA[116:4I]GGGGATGGC	1.0	0.0014245014245014246
GAAAA[116:65I]CAGGTGCTGGACAATTGCACTGGGCTTCAACTTAGAGGTGGGGAGTCATGCCCTCCTATCCAAAAATGGC	1.0	0.0014245014245014246
GAAAT[116:1D]TGGCC	1.0	0.0014245014245014246
GACAA[116:10I]TGGCCTACAAATGGC	1.0	0.0014245014245014246
GACAA[116:20I]CTTGGCCTGACAACTGACAAATGGC	1.0	0.0014245014245014246
GCCGA[113:25D]GCACG	1.0	0.0014245014245014246
GCGAG[109:7D]ATGGC	1.0	0.0014245014245014246
GCTTG[84:62D]CCATG	1.0	0.0014245014245014246
GGTCC[101:11D]AAAAA	1.0	0.0014245014245014246
GGTCC[101:17D]GGCCT	1.0	0.0014245014245014246
GGTCC[101:38D]CACGC	1.0	0.0014245014245014246
GGTCG[101:10D]GCAAA	1.0	0.0014245014245014246
GGTCG[101:12D]AAAAT	1.0	0.0014245014245014246
GTACG[109:7D]ATGGC	1.0	0.0014245014245014246
GTGCT[82:43D]CAACT	1.0	0.0014245014245014246
GTGCT[82:48D]AAGCT	1.0	0.0014245014245014246
GTTCG[109:9D]GGCCT	1.0	0.0014245014245014246
TCATA[161:75D]GTTCG	1.0	0.0014245014245014246
TCCAA[77:39D]ATGGC	2.0	0.002849002849002849
TCCTT[103:10D]AAAAT	1.0	0.0014245014245014246
TCTCT[97:20D]TGGCC	1.0	0.0014245014245014246
TGTAC[108:2D]CGAGGACCGA[113:5D]GGCCT	1.0	0.0014245014245014246
TTAGT[106:11D]TGGCC	1.0	0.0014245014245014246
TTCGC[110:4D]AAATG	1.0	0.0014245014245014246
TTGTA[107:7D]AAATG	1.0	0.0014245014245014246
GCCGA[113:9D]TGACA	1.0	0.0014245014245014246
GTCAT[160:19D]CTGTG	1.0	0.0014245014245014246
ATTCG[222:2I]ATCGGAG	1.0	0.0014245014245014246
CTATT[216:10D]GGACA	1.0	0.0014245014245014246
GACAA[116:8I]CTAAGCTAATGGC	1.0	0.0014245014245014246
GACCG[188:36D]GAGGA	1.0	0.0014245014245014246
GAGCT[213:36D]GTCTT	1.0	0.0014245014245014246
GGTCC[158:11D]TCTGG	1.0	0.0014245014245014246
TACGC[110:38D]ATCTC	1.0	0.0014245014245014246
TATTC[118:1I]AGGCCT	1.0	0.0014245014245014246
TTAAT[223:38I]TAATAGCAGGAGCTATTAATTAATGTCATGGAGTAGCAGGAGG	1.0	0.0014245014245014246
AACGA[165:7I]CCGAACATGTCA	1.0	0.0014245014245014246
TTGTA[107:12D]GCCTG	1.0	0.0014245014245014246
ATATC[169:2I]GTTATGG	1.0	0.0014245014245014246
CGTGA[167:9D]CATCC	1.0	0.0014245014245014246
AACGA[165:17I]CCGAACATGTCATGGAGTAGCA	1.0	0.0014245014245014246
AGGAG[211:14D]AGGAC	1.0	0.0014245014245014246
ATAAC[163:1D]ATGTTCATGT[168:1D]TCTGG	1.0	0.0014245014245014246
ATGTT[153:22D]TCATC	1.0	0.0014245014245014246
ATTAA[218:1I]ATTCGC	2.0	0.002849002849002849
GACAT[116:2I]GTATGGC	1.0	0.0014245014245014246
GAGCT[213:14D]GACAA	1.0	0.0014245014245014246
GAGCT[213:9D]CGGAG	3.0	0.004273504273504274
GATAT[168:40D]GAGCT	1.0	0.0014245014245014246
GCCTG[124:126D]TCTTC	1.0	0.0014245014245014246
GTAGC[206:20D]GGACA	1.0	0.0014245014245014246
TAGTT[117:4I]GTCTTGGCC	1.0	0.0014245014245014246
CGATA[167:37D]GCAGG	1.0	0.0014245014245014246
ATCTC[171:98D]GCTCC	1.0	0.0014245014245014246
TACGC[110:56D]ATCTC	1.0	0.0014245014245014246
TACGC[110:56D]ATCTCATCTC[171:98D]GCTCC	1.0	0.0014245014245014246
TGGAG[202:20D]CGGAG	1.0	0.0014245014245014246
TTCGC[223:6D]CAATG	1.0	0.0014245014245014246
ACGAA[166:2I]CCATGTC	1.0	0.0014245014245014246
TAACG[164:30D]TCATG	1.0	0.0014245014245014246
GCTGC[147:30D]ATCCG	1.0	0.0014245014245014246
AACGT[165:7I]GTGTAGTTCGGT	1.0	0.0014245014245014246
CCATG[151:15D]AACTC	1.0	0.0014245014245014246
CGAAA[115:8D]GACAA	1.0	0.0014245014245014246
CTACA[216:7D]GGAGG	1.0	0.0014245014245014246
GGTCC[101:35D]CGGCA	1.0	0.0014245014245014246
TAACG[164:10I]TGACGGATGAAAATCTCTAG[174:5D]CAGTT	1.0	0.0014245014245014246
AAGAT[117:2D]GCCTG	1.0	0.0014245014245014246
AGATG[118:50D]CTCTG	1.0	0.0014245014245014246
GATAT[168:3I]GAACTCTG	3.0	0.004273504273504274
CAATG[234:1D]GGTTC	1.0	0.0014245014245014246
CGGCA[141:51D]TGTCA	1.0	0.0014245014245014246
GCTGC[147:130D]AGGTG	1.0	0.0014245014245014246
AACTA[119:11I]AGCTACGGCACGCTTG	1.0	0.0014245014245014246
ATTCG[222:3I]GTGCGGAG	1.0	0.0014245014245014246
CGAAA[115:3I]TAAAATGG	1.0	0.0014245014245014246
CGAAA[115:94I]CACCCCAAACAGCCAAGCAGGGCGAGTCCCCATTTGTAGAAGTGGAGCCAGAACGTCCACACTGCACGCACCTCAGGGCACAGAGCCGGCGTGAAATGG	1.0	0.0014245014245014246
CGAGA[115:8I]TGCGTACAAAGGA	1.0	0.0014245014245014246
ATGTT[169:3I]CGGTCTGG	1.0	0.0014245014245014246
ATAAC[163:21D]ACCGA	2.0	0.002849002849002849
ATATT[169:7I]CAAAGAATATGG	1.0	0.0014245014245014246
ACTAA[132:50D]TGACC	1.0	0.0014245014245014246
ATATG[169:16I]ACCCAACATGGTCATATCTGG	1.0	0.0014245014245014246
CCTTT[104:1D]TACGC	1.0	0.0014245014245014246
CGCAT[93:37D]AAGCT	1.0	0.0014245014245014246
GCCGA[113:54D]TCTCT	1.0	0.0014245014245014246
GCTGC[147:41D]AACAT	1.0	0.0014245014245014246
GGGTC[158:24D]TGACC	1.0	0.0014245014245014246
CAACT[130:92D]CGGAG	1.0	0.0014245014245014246
CGATA[167:26I]ATTCGCGGAGGACAATGCGGTTCGTATCTCT	1.0	0.0014245014245014246
CGATA[167:50D]ATTCG	1.0	0.0014245014245014246
CGATA[167:73D]GTAGT	1.0	0.0014245014245014246
CATAA[162:19D]GTGAC	1.0	0.0014245014245014246
AACCC[171:6D]ATCCG	1.0	0.0014245014245014246
GGGTC[158:20D]TCCGT	1.0	0.0014245014245014246
TGACT[170:2D]GGTTC	1.0	0.0014245014245014246
CCGAA[114:33D]CATGT	1.0	0.0014245014245014246
CCGAA[114:36D]GTTGG	1.0	0.0014245014245014246
GATAT[168:36D]GCAGG	1.0	0.0014245014245014246
AATTC[221:4D]AGGAC	1.0	0.0014245014245014246
ATTCG[222:41D]TCCAT	2.0	0.002849002849002849
ATTCG[222:7I]GACAATGCGGAG	1.0	0.0014245014245014246
CATAA[162:21D]GACCG	2.0	0.002849002849002849
CGATA[167:3D]CTGGT	1.0	0.0014245014245014246
CGTGA[185:58D]GTCAC	1.0	0.0014245014245014246
CTTAG[121:7I]TTGTACGCTGAC	1.0	0.0014245014245014246
CTTTG[105:57D]CGATA	1.0	0.0014245014245014246
GATAC[168:75I]AAAAATTAGCCCGGTGTGGTGGTGAGCACCTATAATCCCAGCTACTCAGGAGGCTAGGGAAGGAGAATCACTTGACTCTG	1.0	0.0014245014245014246
GGTTA[226:3D]CAATG	1.0	0.0014245014245014246
TCATC[161:86D]CTGTC	1.0	0.0014245014245014246
AGAGC[223:15D]TATTA	1.0	0.0014245014245014246
ATATG[169:5I]AACGGTCTGG	6.0	0.008547008547008548
AACGA[165:11D]CATCC	1.0	0.0014245014245014246
CGAAC[115:26D]CGCTG	1.0	0.0014245014245014246
AACAA[117:6I]CTTAGTTGGCC	1.0	0.0014245014245014246
AACGA[165:15I]ACCAACATGGTTCGTTATGT	1.0	0.0014245014245014246
ACCGA[171:3I]ACATGGTT	1.0	0.0014245014245014246
ACGAA[166:10D]CATCC	1.0	0.0014245014245014246
ACGAA[166:10I]CCCAACACGGATGTC	1.0	0.0014245014245014246
ATAAC[163:15D]TCCGT	1.0	0.0014245014245014246
ATAAC[163:6I]ACATTTGATAATGATA[167:5I]AACTTTAGCT	1.0	0.0014245014245014246
ATAAC[163:6I]ATGGGTGATAT	1.0	0.0014245014245014246
ATAAC[163:7I]ATGTTGGGTCATCATGT[170:1D]TGGTT	1.0	0.0014245014245014246
ATATC[169:7I]GTTATGTTCTGG	1.0	0.0014245014245014246
ATATG[169:12I]ACGATATAACGGTCTGG	1.0	0.0014245014245014246
ATCGA[171:2I]ATTGGTT	1.0	0.0014245014245014246
CGATA[167:15I]CCAACCACGGATGAATCTCT	1.0	0.0014245014245014246
CGATA[167:1I]GTCTCT	1.0	0.0014245014245014246
GATAT[168:2I]AACTCTG	1.0	0.0014245014245014246
GATAT[168:4D]GGGTC	1.0	0.0014245014245014246
GCTGC[147:24D]TGGTT	1.0	0.0014245014245014246
GGTTC[171:4I]ATGTTGGTT	1.0	0.0014245014245014246
GTCAC[169:3D]GGATGGATGA[178:6D]ACCGA	1.0	0.0014245014245014246
GTCCT[102:70D]GGTTC	1.0	0.0014245014245014246
TCATG[161:9D]CTGGT	1.0	0.0014245014245014246
TCCAA[172:4D]CATCC	1.0	0.0014245014245014246
TCCAA[77:40D]TGGCC	1.0	0.0014245014245014246
TGAGT[83:22D]TATGA	1.0	0.0014245014245014246
TTTGT[106:11D]TGGCC	1.0	0.0014245014245014246
TTTGT[106:1I]CAGGCCCGAAA[115:2D]TGGCC	1.0	0.0014245014245014246
TTTGT[106:35D]CGCAT	1.0	0.0014245014245014246
AACCA[189:38D]GACAGAGACA[231:9D]GTAGT	1.0	0.0014245014245014246
ACCAT[215:6D]GCGGA	1.0	0.0014245014245014246
AGCAG[208:62D]CTCCT	1.0	0.0014245014245014246
AGCTA[214:37D]CTTCC	1.0	0.0014245014245014246
AGGAG[211:30D]TAGTC	2.0	0.002849002849002849
AGTAG[205:23D]ACAAT	1.0	0.0014245014245014246
AGTAG[230:34D]CCATC	1.0	0.0014245014245014246
ATTCG[222:17I]GTTAATAGCTATTAATTCGGAG	1.0	0.0014245014245014246
ATTCG[222:19I]GAGGATTTAGCTATTAATTCGGAG	1.0	0.0014245014245014246
ATTCG[222:24D]ACTGT	1.0	0.0014245014245014246
ATTCG[222:29I]GAGGACAATTAATTGTAGCTATTAATTGTCGGAG	1.0	0.0014245014245014246
ATTCG[222:2D]GCGGA	1.0	0.0014245014245014246
ATTCG[222:2I]TGCGGAG	1.0	0.0014245014245014246
ATTCG[222:44I]GAGCTATTAATAGCAGGAGCTATTAATAGCAGGAGCTATTAATTCGGAG	1.0	0.0014245014245014246
ATTCG[222:49D]TCCTG	1.0	0.0014245014245014246
ATTCG[222:4I]TAGTCGTAG	1.0	0.0014245014245014246
ATTCG[222:89I]TGACCAACCTGGAGTGCAGTGGTGCAATCATGGCTCACTGCAGCCTTGACTTCACAGGCTCAGGTGATCCTCCCACCGCAGCCTCCTGACGGAG	1.0	0.0014245014245014246
CAGGA[210:22D]TGCGG	1.0	0.0014245014245014246
CCGAA[114:115D]CAATG	1.0	0.0014245014245014246
CCGTA[184:38D]CGGAG	1.0	0.0014245014245014246
CGATT[216:6D]CGGAG	1.0	0.0014245014245014246
CTACT[216:13D]CCATG	1.0	0.0014245014245014246
CTACT[216:20D]GTTCG	1.0	0.0014245014245014246
CTATT[216:17D]GCGGT	1.0	0.0014245014245014246
GAATT[213:9D]CGGAG	1.0	0.0014245014245014246
GAGCT[213:19D]TGCGG	1.0	0.0014245014245014246
GGAGC[212:30D]AGGAG	1.0	0.0014245014245014246
GGTTA[226:2D]ACAAT	1.0	0.0014245014245014246
GTAGC[223:1I]AGGAGG	1.0	0.0014245014245014246
GTCAT[216:2I]GGAGTTCGTTCG[222:16I]AACATGTCATGGAGTTCGGAG	1.0	0.0014245014245014246
GTTAT[227:1D]ACAAT	1.0	0.0014245014245014246
TAATT[220:8D]ACAAT	2.0	0.002849002849002849
TATTA[217:22D]CGTAG	1.0	0.0014245014245014246
TGACT[224:1D]ACGAC	1.0	0.0014245014245014246
TGGAG[211:16D]GACAA	1.0	0.0014245014245014246
TTAAA[219:1D]CTCGG	1.0	0.0014245014245014246
TTCGC[223:2I]CTGGAGG	1.0	0.0014245014245014246
TTCGG[223:15I]TTCGTAGTCACTGTAGCAGGAGGAG[230:5I]CTATTAATGC	1.0	0.0014245014245014246
GATAT[168:13I]GACCCAACATGAACTCTG	1.0	0.0014245014245014246
AGCAG[208:9D]AGTAGGTAGC[223:1I]AGGAGG	1.0	0.0014245014245014246
GGAGA[212:44D]GCAAT	1.0	0.0014245014245014246
AAAAA[117:72D]ACATG	1.0	0.0014245014245014246
AAAAA[165:12D]ATCCG	1.0	0.0014245014245014246
AACGA[165:1I]ATATGTAATAT[168:5D]GTTCA	1.0	0.0014245014245014246
ACGAA[166:2D]CATGG	1.0	0.0014245014245014246
ACGAC[166:10I]CCATGTTGCCATGTTCATGT[170:1D]TGGTT	1.0	0.0014245014245014246
ACGAC[166:13D]CCATG	1.0	0.0014245014245014246
ACGAC[166:5I]CCAACATGTT	1.0	0.0014245014245014246
ACGAT[166:27D]GTTAT	1.0	0.0014245014245014246
ACGAT[166:2I]TCATGTTCATGT[170:1D]TGGTT	2.0	0.002849002849002849
ACGAT[166:2I]TGATCTC	1.0	0.0014245014245014246
ACGAT[166:71I]CGGACTATCACCGCACGCTGACGCCCACCCTGGAGGCACTGGTGAGGGTGGTCTGTGTTTGGGGGCCAGGGAGCTC	1.0	0.0014245014245014246
ACGAT[166:88D]CCGCA	1.0	0.0014245014245014246
ACGTT[166:16I]CATCCATGACCATGCCATGTTCATGT[170:1D]TGGTT	1.0	0.0014245014245014246
ACGTT[176:1D]ATGACGTTAT[179:2I]GACCGTG	1.0	0.0014245014245014246
AGCTA[136:107D]GTCAC	1.0	0.0014245014245014246
ATAAC[163:1D]ATAACAACAT[171:7I]AACATGTTGGTT	1.0	0.0014245014245014246
ATAAC[163:3D]ATGGCATGGC[171:1I]ATGACC	1.0	0.0014245014245014246
ATAAC[163:7I]ATGGCATGTTATTATCT[170:2D]GGTTC	1.0	0.0014245014245014246
ATAAC[171:9I]CATAACGGATGGTT	1.0	0.0014245014245014246
ATACC[163:7D]CTTGT	1.0	0.0014245014245014246
ATACC[169:17D]CGAAC	1.0	0.0014245014245014246
ATATG[169:11I]ATATGATATGATATGG	1.0	0.0014245014245014246
ATATG[169:5I]AACCTTCTGG	1.0	0.0014245014245014246
ATCAT[160:19D]CCGTG	1.0	0.0014245014245014246
ATCAT[166:7D]GTTCA	1.0	0.0014245014245014246
ATCCG[163:6D]TTCGG	1.0	0.0014245014245014246
ATCTG[169:2I]GTTCTGG	1.0	0.0014245014245014246
ATGAC[171:14D]CCGAA	1.0	0.0014245014245014246
ATGAC[171:27I]CCAACATGGTCATATCGTTCATCCATATGGTT	1.0	0.0014245014245014246
ATGAC[171:6I]CCAACATGGTT	1.0	0.0014245014245014246
ATGAC[171:7I]CCAATGTTGGTT	1.0	0.0014245014245014246
ATGAC[171:8I]CAACGATATGGTT	1.0	0.0014245014245014246
ATGTG[153:18D]TGGTT	1.0	0.0014245014245014246
ATGTT[153:38D]ATGTC	2.0	0.002849002849002849
ATGTT[153:42D]CATGG	1.0	0.0014245014245014246
CAACT[118:13D]AGCTA	1.0	0.0014245014245014246
CATGG[152:25D]ATCCG	1.0	0.0014245014245014246
CCATG[151:48D]GAGTA	1.0	0.0014245014245014246
CCGAC[114:69D]GACCG	1.0	0.0014245014245014246
CGCTG[146:38D]ACCGA	1.0	0.0014245014245014246
CGTCG[90:94D]ACCGA	1.0	0.0014245014245014246
CTGCC[148:24D]GGTTC	1.0	0.0014245014245014246
GACAA[116:6I]CTAAAGATGAC	1.0	0.0014245014245014246
GACCC[173:5I]AACATGTTCA	1.0	0.0014245014245014246
GACCG[173:5I]TGACCGAACA	1.0	0.0014245014245014246
GATAT[168:10D]TCCGT	3.0	0.004273504273504274
GATAT[168:12I]GACCCAACATGACTCTG	1.0	0.0014245014245014246
GATAT[168:15D]GACCC	1.0	0.0014245014245014246
GATAT[168:4D]GGGGT	1.0	0.0014245014245014246
GATAT[168:5I]GAACCCTCTG	1.0	0.0014245014245014246
GATAT[168:6D]TACAT	1.0	0.0014245014245014246
GCACG[143:20D]GATGACGGAT[166:2I]GAAGCTC	1.0	0.0014245014245014246
GCCAT[150:27D]ATCCG	1.0	0.0014245014245014246
GGCAC[142:16D]ATAACACGAT[166:6D]GGTTC	1.0	0.0014245014245014246
GGCGT[88:154D]AGTCA	1.0	0.0014245014245014246
GGGTC[158:1D]TAAAGAAGCT[166:1D]TCTCT	1.0	0.0014245014245014246
GGGTC[177:7I]CGAACCCAACCG	1.0	0.0014245014245014246
GGTTA[173:1D]TTCAT	1.0	0.0014245014245014246
GTCAC[160:1I]CAACGTCAACG[164:7D]TGGGT	1.0	0.0014245014245014246
GTCAT[160:3D]GTTGG	1.0	0.0014245014245014246
GTGCT[82:90D]GGTTC	1.0	0.0014245014245014246
GTTAT[102:81D]GACCG	1.0	0.0014245014245014246
GTTGG[155:12D]TCTCT	1.0	0.0014245014245014246
TAACA[164:3I]TGAACATGCATGT[170:1D]TGGTT	1.0	0.0014245014245014246
TAACG[164:5I]TGGTTATGAC	1.0	0.0014245014245014246
TATCT[170:3D]GGTTA	1.0	0.0014245014245014246
TATGT[170:15I]TCATCCGTGACCGAACATGT	1.0	0.0014245014245014246
TCACG[97:24D]CCGAC	1.0	0.0014245014245014246
TCATA[161:1D]CGATA	1.0	0.0014245014245014246
TCCAA[77:108D]CCGAA	1.0	0.0014245014245014246
TGACC[172:4D]CATCC	1.0	0.0014245014245014246
TGCCA[149:19D]CTCTG	1.0	0.0014245014245014246
TGGGG[157:18D]TCATC	1.0	0.0014245014245014246
TGGGT[157:12D]TCTGG	1.0	0.0014245014245014246
TGGGT[157:1I]TCATGCTCATG[161:7D]CTCTG	1.0	0.0014245014245014246
TGTGG[164:9D]GTTCA	1.0	0.0014245014245014246
TGTTG[154:25D]CCGTG	1.0	0.0014245014245014246
TTGGG[156:17D]GTTCA	1.0	0.0014245014245014246
TTGGG[156:30D]CGAAC	1.0	0.0014245014245014246
GATAT[168:39D]GGAGC	1.0	0.0014245014245014246
GTCAT[160:27D]GAACA	1.0	0.0014245014245014246
CGAAC[191:32D]GGAGG	6.0	0.008547008547008548
GATAT[168:3I]GTCCTCTG	4.0	0.005698005698005698
CATAA[162:15D]ATCCG	1.0	0.0014245014245014246
ACGCC[111:4D]AATGG	1.0	0.0014245014245014246
ATAAC[163:67D]AATGC	1.0	0.0014245014245014246
TATCG[118:9I]ATGCGGGGAGGCGG	1.0	0.0014245014245014246
ACGCC[111:6D]TGGCC	1.0	0.0014245014245014246
ACGCC[111:6D]TGGCCCTGAC[126:60D]CGAAC	1.0	0.0014245014245014246
ATAAC[163:4D]TCTCT	2.0	0.002849002849002849
GTTGG[155:54D]AGCTA	1.0	0.0014245014245014246
CAAGT[79:143D]CGGAG	1.0	0.0014245014245014246
TACGC[110:1D]GAGATCGAGA[115:3I]TACAAAGG	1.0	0.0014245014245014246
GTCAT[198:44D]AGTCA	1.0	0.0014245014245014246
ATGAC[171:5I]CCAACTGGTT	2.0	0.002849002849002849
CGGTC[100:16D]ATGGC	1.0	0.0014245014245014246
GCATC[94:20D]AAATG	1.0	0.0014245014245014246
TCGGT[99:31D]AAGCT	1.0	0.0014245014245014246
TCATG[199:35D]CGGTT	2.0	0.002849002849002849
ACGAT[166:49D]TAATT	1.0	0.0014245014245014246
ATTCG[222:13D]GGTTC	2.0	0.002849002849002849
ATTCG[222:8D]AATGG	1.0	0.0014245014245014246
GTCAT[160:94D]CCGCA	1.0	0.0014245014245014246
GTTGG[155:13D]CTCTG	1.0	0.0014245014245014246
TGTTG[154:111D]CATCG	1.0	0.0014245014245014246
TACGG[139:86D]AGGAC	5.0	0.007122507122507123
AGTAG[205:22D]GACAA	1.0	0.0014245014245014246
ATGCG[119:8D]ACTAA	1.0	0.0014245014245014246
TAATT[220:10D]ATTGC	1.0	0.0014245014245014246
AACAA[117:1I]CTGGCC	1.0	0.0014245014245014246
AATGC[117:1D]GTACT	1.0	0.0014245014245014246
AATTG[221:8D]CAATG	1.0	0.0014245014245014246
ATAAC[163:1D]ATAAC	1.0	0.0014245014245014246
ATGAC[171:15I]CCAACATATCGGTCATGGTT	1.0	0.0014245014245014246
CATAA[181:41D]CGGAG	1.0	0.0014245014245014246
CCGAA[114:7D]CTGAC	1.0	0.0014245014245014246
CGAAC[191:42D]GCGGT	1.0	0.0014245014245014246
GAACA[116:12D]CTAAG	1.0	0.0014245014245014246
GATAT[168:4D]GGGTCCATAA[181:41D]CGGAG	1.0	0.0014245014245014246
GTACG[109:6D]AGATG	1.0	0.0014245014245014246
TAATT[220:29D]GTCTT	1.0	0.0014245014245014246
CCGAC[114:25D]CACGC	1.0	0.0014245014245014246
ACATG[169:3D]GGTTC	1.0	0.0014245014245014246
ATGAA[163:5D]CTCTG	1.0	0.0014245014245014246
CGAAA[115:2I]TAAATGG	1.0	0.0014245014245014246
CGATG[167:1D]CTCTG	1.0	0.0014245014245014246
CTGAC[126:3D]TAAGC	1.0	0.0014245014245014246
GAACA[192:39D]ATGCG	1.0	0.0014245014245014246
GATAT[168:23D]ATGTC	1.0	0.0014245014245014246
GATAT[168:9I]GATACGATACTCTG	1.0	0.0014245014245014246
ATAAG[171:19I]CTACGGCACGCTGCCATGTTGGGT	1.0	0.0014245014245014246
ATATG[169:9I]ACCATCCGTTCTGG	1.0	0.0014245014245014246
ATGAC[171:8I]CCAACATATCGTT	1.0	0.0014245014245014246
GAAAT[168:15D]GACCG	1.0	0.0014245014245014246
TACTA[217:12D]CAATG	1.0	0.0014245014245014246
TCATG[161:8D]TTTGG	1.0	0.0014245014245014246
CCGAA[114:99I]CCACTGCCATTGCTGCCTCATCCCACGGGAGCCCCTCAACAGTAGCTGACCAGGAGCTGGACCCCTCCTGCAGCCGGAGCTTCACGTTCACGTGACGCAAAATG	1.0	0.0014245014245014246
ATATG[169:6I]GTTATATCTGG	1.0	0.0014245014245014246
ATGAC[171:12I]CCACGATATGACTGGTT	1.0	0.0014245014245014246
GATAT[168:2I]TACTCTG	1.0	0.0014245014245014246
TAATT[220:5D]AGGAC	1.0	0.0014245014245014246
TCATG[154:20D]TTCAT	1.0	0.0014245014245014246
TTAAT[219:7D]GGACA	1.0	0.0014245014245014246
ACGAA[218:11D]CAATG	2.0	0.002849002849002849
ATTCG[222:56D]GGTGG	1.0	0.0014245014245014246
CCGTG[184:79D]TCCAT	1.0	0.0014245014245014246
TATTA[217:19D]GTTCG	1.0	0.0014245014245014246
ATGTC[196:27D]GGAGG	1.0	0.0014245014245014246
TAACG[164:6I]TGGGTCATAACATAAC[169:4D]GTTCA	1.0	0.0014245014245014246
ACCCC[171:4I]ATGTTGGGT	1.0	0.0014245014245014246
ACGGT[166:13D]CCGTG	1.0	0.0014245014245014246
AGCAC[171:6I]AATTCCTGGAT	1.0	0.0014245014245014246
ATATG[169:3I]CTTTCTGT	1.0	0.0014245014245014246
ATGAC[163:1D]ATGTTCATGT[168:1D]TCTGG	1.0	0.0014245014245014246
CCTTT[104:27D]AGCTA	1.0	0.0014245014245014246
CGCGG[225:1D]GGACA	1.0	0.0014245014245014246
CTTGT[85:28D]AAAAT	1.0	0.0014245014245014246
GATAA[168:1D]TCTGG	1.0	0.0014245014245014246
TAACC[164:2I]CAACATG	1.0	0.0014245014245014246
TAACG[164:1I]GATATGGATAT[168:4D]GGTTC	1.0	0.0014245014245014246
TACGG[139:35D]TTCAT	1.0	0.0014245014245014246
TTCAT[179:36D]TAATT	1.0	0.0014245014245014246
AACAT[175:1I]GTCATC	1.0	0.0014245014245014246
AACGA[165:7I]CCCAACATGTTCCATGT[168:1D]TCTGG	1.0	0.0014245014245014246
ATAAC[163:40D]AGCAG	1.0	0.0014245014245014246
ATATG[169:14I]ACCGTGACCCACGGTCTGG	1.0	0.0014245014245014246
ATGAC[171:8D]CCGTG	1.0	0.0014245014245014246
CATAA[162:42D]GCAGG	1.0	0.0014245014245014246
CATGT[152:33D]CCGAA	1.0	0.0014245014245014246
GGAGT[203:19D]CGGAG	1.0	0.0014245014245014246
TTGTA[107:20D]ACTAA	1.0	0.0014245014245014246
AACGA[165:17I]CCGAACATGACCGAACATGTTCCATGT[168:1D]TCATG	1.0	0.0014245014245014246
ATACC[163:4D]TCTCT	1.0	0.0014245014245014246
CATGT[152:28D]CGTGA	1.0	0.0014245014245014246
CCTTT[104:2D]ACGCC	1.0	0.0014245014245014246
CGCCG[112:62D]TTCAT	1.0	0.0014245014245014246
TCAAG[199:35D]CGGTT	1.0	0.0014245014245014246
TCTCG[97:36D]CTACG	1.0	0.0014245014245014246
ATGAT[153:17D]CTGGT	1.0	0.0014245014245014246
CCGAA[114:33D]CATGA	1.0	0.0014245014245014246
TTGTA[115:5D]CCTGA	1.0	0.0014245014245014246
ATATT[169:8I]AATAATTATCTGG	1.0	0.0014245014245014246
ATTCG[222:52I]GACAGTTGGAATGCCATGTATAGCTGGTTGTAATTGTTTGTTATTGACCAGCCGGAG	1.0	0.0014245014245014246
CAACT[118:127D]CACTG	1.0	0.0014245014245014246
CAACT[130:115D]CACTG	1.0	0.0014245014245014246
CATGT[166:3D]TCTGG	1.0	0.0014245014245014246
GAAGA[116:20D]CGGCA	1.0	0.0014245014245014246
AAGCC[111:11D]TGACA	1.0	0.0014245014245014246
ATATA[169:18D]GAAGA	1.0	0.0014245014245014246
GGTCA[159:17D]CATCC	1.0	0.0014245014245014246
ACGCA[111:5I]TCTCGGTCCT	1.0	0.0014245014245014246
ACATG[194:36D]AATGC	1.0	0.0014245014245014246
CAGGA[210:19D]CTATG	1.0	0.0014245014245014246
GCGTC[89:176D]CATCG	1.0	0.0014245014245014246
TCCTT[103:1D]GTACGCCGAA[114:54D]CTCTG	1.0	0.0014245014245014246
TGGAG[202:26D]ACAAT	1.0	0.0014245014245014246
TTCGC[223:23D]ACTGT	1.0	0.0014245014245014246
AGCTA[124:4I]CGGCACAAC	1.0	0.0014245014245014246
TATAC[170:2D]GGTTC	1.0	0.0014245014245014246
TGCCA[149:39D]AACAT	1.0	0.0014245014245014246
GTACC[109:14D]GACAA	1.0	0.0014245014245014246
TAGCA[207:25D]TGCGG	1.0	0.0014245014245014246
CGAAC[167:9D]CATCC	1.0	0.0014245014245014246
CATAA[162:5D]TTTCT	1.0	0.0014245014245014246
GGAGT[203:30D]GCGGT	1.0	0.0014245014245014246
GGTCC[101:86D]GAACA	1.0	0.0014245014245014246
GTCAT[160:16D]CATCC	1.0	0.0014245014245014246
TCGCT[170:5D]TGAAC	1.0	0.0014245014245014246
TCGCT[170:5D]TGAGC	1.0	0.0014245014245014246
TGCAG[208:8D]AATTGGCACG[228:1D]CAGTG	1.0	0.0014245014245014246
ACGAT[166:5D]TGGTT	1.0	0.0014245014245014246
ATACA[231:1D]TGCGG	1.0	0.0014245014245014246
ATATG[169:2I]GTTCTGG	1.0	0.0014245014245014246
ATCTC[96:28D]ACAAC	1.0	0.0014245014245014246
CCGAT[166:5D]TGGTT	1.0	0.0014245014245014246
CCGTG[173:37I]ACCGAACATGTCATGGAGTAGCAGGAGCTATTAATTGGTTCA	1.0	0.0014245014245014246
CGTGA[167:1D]CTCTG	1.0	0.0014245014245014246
TAACG[164:9I]TGTTGGGTCATAACATAAC[169:14I]ATGTTGGGTCATGTTCTGG	1.0	0.0014245014245014246
CTACT[216:6I]CCATGTAGTAG	1.0	0.0014245014245014246
GCGGA[226:3D]CAATG	1.0	0.0014245014245014246
GTTAA[227:6I]TTAATAGACAA	1.0	0.0014245014245014246
AGGAG[211:1I]GCTACAGGCTA[214:15D]CAATG	1.0	0.0014245014245014246
TTCTC[223:15I]CATGAATTAGTAGCAGGAGG	1.0	0.0014245014245014246
CGGTC[100:26D]AACTA	1.0	0.0014245014245014246
GAGCT[213:9I]GGCCTGACAACTAACTAAG[219:32I]CTACGGCACGCTGCCATGTTGGGTCATAACGATATCG	1.0	0.0014245014245014246
CGTCG[90:134D]GAGGA	1.0	0.0014245014245014246
ACAAA[117:12I]GGACCTGACAAATGGCC	1.0	0.0014245014245014246
ACGAA[166:1I]CATGTC	1.0	0.0014245014245014246
CGCCG[112:5I]TGTCAAACTT	1.0	0.0014245014245014246
GCTGC[147:49D]ATGGA	1.0	0.0014245014245014246
TCATA[161:1D]CTCCA	1.0	0.0014245014245014246
TGCCA[149:31D]CGTGA	1.0	0.0014245014245014246
AAAGG[120:4D]ACAAC	1.0	0.0014245014245014246
ACGAC[166:9I]CAACATGCCATGTC	1.0	0.0014245014245014246
ATGAC[171:10I]CATAACGATATGGTT	1.0	0.0014245014245014246
ATGCG[119:8I]ACAACTAAGCCTG	1.0	0.0014245014245014246
CCGAA[114:3I]TAAAAATG	1.0	0.0014245014245014246
GACAA[116:6I]CTTTGTATGGC	1.0	0.0014245014245014246
GTCAT[160:21D]GTGAC	1.0	0.0014245014245014246
TTAAT[223:3I]TAAGGAGG	1.0	0.0014245014245014246
AACGA[165:5D]CTGGT	1.0	0.0014245014245014246
ACGAA[166:10D]CATGTAACAT[179:2I]GTCCGTG	1.0	0.0014245014245014246
ACGAC[166:12D]TCCGT	1.0	0.0014245014245014246
AGCAG[214:7D]GAGCA	1.0	0.0014245014245014246
CGATA[167:34D]GTAGC	1.0	0.0014245014245014246
GGAGC[212:18D]AATGC	1.0	0.0014245014245014246
TAATT[220:12D]TGCGG	1.0	0.0014245014245014246
TATTA[217:21D]TCGTA	1.0	0.0014245014245014246
TTGGG[156:20D]CATCC	1.0	0.0014245014245014246
CGCCG[112:123D]GGTTC	1.0	0.0014245014245014246
AACTA[131:42D]GTTCA	1.0	0.0014245014245014246
TAATT[220:6D]GGACA	1.0	0.0014245014245014246
